2.31864911127699357962e-05 9.96273080456746007449e-01 -9.72258968748204374655e-03 0.00000000000000000000e+00
-5.21612613815244263726e-01 1.87443462166170027317e+00 0.00000000000000000000e+00 0.00000000000000000000e+00
-9.99976813508887230064e-01 -3.72691954325399255055e-03 -1.38903802909435300332e-03 7.96795120353917973866e-01
-1.99997681350888711904e+00 9.96273080456746007449e-01 1.21958477663324377227e-02 0.00000000000000000000e+00
2.31864911127699357962e-05 9.96273080456746007449e-01 0.00000000000000000000e+00 0.00000000000000000000e+00
-2.31864911127699357962e-05 9.96273080456746007449e-01 9.72258968748204374655e-03 0.00000000000000000000e+00
5.21612613815244263726e-01 1.87443462166170027317e+00 0.00000000000000000000e+00 0.00000000000000000000e+00
9.99976813508887230064e-01 -3.72691954325399255055e-03 1.38903802909435300332e-03 7.96795120353917973866e-01
-2.31864911127699357962e-05 9.96273080456746007449e-01 0.00000000000000000000e+00 0.00000000000000000000e+00
1.99997681350888711904e+00 9.96273080456746007449e-01 -1.21958477663324377227e-02 0.00000000000000000000e+00
-4.78364199693642966338e-01 1.95388926636392312730e+00 0.00000000000000000000e+00 0.00000000000000000000e+00
4.78364199693642966338e-01 1.95388926636392312730e+00 0.00000000000000000000e+00 0.00000000000000000000e+00
0.00000000000000000000e+00 1.83205080756887728199e+00 0.00000000000000000000e+00 0.00000000000000000000e+00
-1.00000000000000000000e+00 2.83205080756887728199e+00 0.00000000000000000000e+00 0.00000000000000000000e+00
1.00000000000000000000e+00 2.83205080756887728199e+00 0.00000000000000000000e+00 0.00000000000000000000e+00


6.13524857545622026578e-05 9.90324887086831973093e-01 -1.76672607098950600057e-02 0.00000000000000000000e+00
-5.22783355829048113073e-01 1.86914388302218048565e+00 0.00000000000000000000e+00 0.00000000000000000000e+00
-9.99938647514245437797e-01 -9.67511291316802690687e-03 -7.37287652426714206454e-04 1.32263253289916349331e+00
-1.99993864751424554882e+00 9.90324887086831973093e-01 1.82235122551248282519e-02 0.00000000000000000000e+00
6.13524857545622026578e-05 9.90324887086831973093e-01 0.00000000000000000000e+00 0.00000000000000000000e+00
-6.13524857545622026578e-05 9.90324887086831973093e-01 1.76672607098950600057e-02 0.00000000000000000000e+00
5.22783355829048113073e-01 1.86914388302218048565e+00 0.00000000000000000000e+00 0.00000000000000000000e+00
9.99938647514245437797e-01 -9.67511291316802690687e-03 7.37287652426714206454e-04 1.32263253289916349331e+00
-6.13524857545622026578e-05 9.90324887086831973093e-01 0.00000000000000000000e+00 0.00000000000000000000e+00
1.99993864751424554882e+00 9.90324887086831973093e-01 -1.82235122551248282519e-02 0.00000000000000000000e+00
-4.77155291685197324725e-01 1.95323181163352854739e+00 0.00000000000000000000e+00 0.00000000000000000000e+00
4.77155291685197324725e-01 1.95323181163352854739e+00 0.00000000000000000000e+00 0.00000000000000000000e+00
0.00000000000000000000e+00 1.83205080756887728199e+00 0.00000000000000000000e+00 0.00000000000000000000e+00
-1.00000000000000000000e+00 2.83205080756887728199e+00 0.00000000000000000000e+00 0.00000000000000000000e+00
1.00000000000000000000e+00 2.83205080756887728199e+00 0.00000000000000000000e+00 0.00000000000000000000e+00


9.85616756163931739820e-05 9.87210681730060324313e-01 -2.48318840406104024421e-02 0.00000000000000000000e+00
-5.23389892917024757146e-01 1.86637889492563013860e+00 0.00000000000000000000e+00 0.00000000000000000000e+00
-9.99901438324383606826e-01 -1.27893182699396756874e-02 1.40962490142282456836e-05 1.36656119767787420649e+00
-1.99990143832438360683e+00 9.87210681730060324313e-01 2.46412005897660539577e-02 0.00000000000000000000e+00
9.85616756163931739820e-05 9.87210681730060324313e-01 0.00000000000000000000e+00 0.00000000000000000000e+00
-9.85616756163931739820e-05 9.87210681730060324313e-01 2.48318840406104024421e-02 0.00000000000000000000e+00
5.23389892917024757146e-01 1.86637889492563013860e+00 0.00000000000000000000e+00 0.00000000000000000000e+00
9.99901438324383606826e-01 -1.27893182699396756874e-02 -1.40962490142282456836e-05 1.36656119767787420649e+00
-9.85616756163931739820e-05 9.87210681730060324313e-01 0.00000000000000000000e+00 0.00000000000000000000e+00
1.99990143832438360683e+00 9.87210681730060324313e-01 -2.46412005897660539577e-02 0.00000000000000000000e+00
-4.76511545407358849680e-01 1.95288259437330768975e+00 0.00000000000000000000e+00 0.00000000000000000000e+00
4.76511545407358849680e-01 1.95288259437330768975e+00 0.00000000000000000000e+00 0.00000000000000000000e+00
0.00000000000000000000e+00 1.83205080756887728199e+00 0.00000000000000000000e+00 0.00000000000000000000e+00
-1.00000000000000000000e+00 2.83205080756887728199e+00 0.00000000000000000000e+00 0.00000000000000000000e+00
1.00000000000000000000e+00 2.83205080756887728199e+00 0.00000000000000000000e+00 0.00000000000000000000e+00


1.33994851978291862338e-04 9.87529081290796084680e-01 -3.16961505615173874673e-02 0.00000000000000000000e+00
-5.23309222434219956099e-01 1.86667277423835420436e+00 0.00000000000000000000e+00 0.00000000000000000000e+00
-9.99866005148021708138e-01 -1.24709187092039153200e-02 3.44598601909086479748e-04 1.14658946447902687638e+00
-1.99986600514802170814e+00 9.87529081290796084680e-01 3.12090673293114601039e-02 0.00000000000000000000e+00
1.33994851978291862338e-04 9.87529081290796084680e-01 0.00000000000000000000e+00 0.00000000000000000000e+00
-1.33994851978291862338e-04 9.87529081290796084680e-01 3.16961505615173874673e-02 0.00000000000000000000e+00
5.23309222434219956099e-01 1.86667277423835420436e+00 0.00000000000000000000e+00 0.00000000000000000000e+00
9.99866005148021708138e-01 -1.24709187092039153200e-02 -3.44598601909086479748e-04 1.14658946447902687638e+00
-1.33994851978291862338e-04 9.87529081290796084680e-01 0.00000000000000000000e+00 0.00000000000000000000e+00
1.99986600514802170814e+00 9.87529081290796084680e-01 -3.12090673293114601039e-02 0.00000000000000000000e+00
-4.76556782713801696527e-01 1.95290711462131927334e+00 0.00000000000000000000e+00 0.00000000000000000000e+00
4.76556782713801696527e-01 1.95290711462131927334e+00 0.00000000000000000000e+00 0.00000000000000000000e+00
0.00000000000000000000e+00 1.83205080756887728199e+00 0.00000000000000000000e+00 0.00000000000000000000e+00
-1.00000000000000000000e+00 2.83205080756887728199e+00 0.00000000000000000000e+00 0.00000000000000000000e+00
1.00000000000000000000e+00 2.83205080756887728199e+00 0.00000000000000000000e+00 0.00000000000000000000e+00


1.68018070942577146809e-04 9.89311497337264089680e-01 -3.83260910937023441258e-02 0.00000000000000000000e+00
-5.22932273496020894044e-01 1.86826921423636749253e+00 0.00000000000000000000e+00 0.00000000000000000000e+00
-9.99831981929057422853e-01 -1.06885026627359103202e-02 3.32734247622838306881e-04 9.42800997000148188754e-01
-1.99983198192905753388e+00 9.89311497337264089680e-01 3.78940970632178769639e-02 0.00000000000000000000e+00
1.68018070942577146809e-04 9.89311497337264089680e-01 0.00000000000000000000e+00 0.00000000000000000000e+00
-1.68018070942577146809e-04 9.89311497337264089680e-01 3.83260910937023441258e-02 0.00000000000000000000e+00
5.22932273496020894044e-01 1.86826921423636749253e+00 0.00000000000000000000e+00 0.00000000000000000000e+00
9.99831981929057422853e-01 -1.06885026627359103202e-02 -3.32734247622838306881e-04 9.42800997000148188754e-01
-1.68018070942577146809e-04 9.89311497337264089680e-01 0.00000000000000000000e+00 0.00000000000000000000e+00
1.99983198192905753388e+00 9.89311497337264089680e-01 -3.78940970632178769639e-02 0.00000000000000000000e+00
-4.76899708433036528810e-01 1.95309309066977387914e+00 0.00000000000000000000e+00 0.00000000000000000000e+00
4.76899708433036528810e-01 1.95309309066977387914e+00 0.00000000000000000000e+00 0.00000000000000000000e+00
0.00000000000000000000e+00 1.83205080756887728199e+00 0.00000000000000000000e+00 0.00000000000000000000e+00
-1.00000000000000000000e+00 2.83205080756887728199e+00 0.00000000000000000000e+00 0.00000000000000000000e+00
1.00000000000000000000e+00 2.83205080756887728199e+00 0.00000000000000000000e+00 0.00000000000000000000e+00


2.01073719429567532302e-04 9.90633977322099790186e-01 -4.48415404820602589431e-02 0.00000000000000000000e+00
-5.22644852187738928606e-01 1.86945363434884859188e+00 0.00000000000000000000e+00 0.00000000000000000000e+00
-9.99798926280570432468e-01 -9.36602267790020981408e-03 1.70065269864217458260e-04 8.81103648359256474976e-01
-1.99979892628057043247e+00 9.90633977322099790186e-01 4.46363723690378216835e-02 0.00000000000000000000e+00
2.01073719429567532302e-04 9.90633977322099790186e-01 0.00000000000000000000e+00 0.00000000000000000000e+00
-2.01073719429567532302e-04 9.90633977322099790186e-01 4.48415404820602589431e-02 0.00000000000000000000e+00
5.22644852187738928606e-01 1.86945363434884859188e+00 0.00000000000000000000e+00 0.00000000000000000000e+00
9.99798926280570432468e-01 -9.36602267790020981408e-03 -1.70065269864217458260e-04 8.81103648359256474976e-01
-2.01073719429567532302e-04 9.90633977322099790186e-01 0.00000000000000000000e+00 0.00000000000000000000e+00
1.99979892628057043247e+00 9.90633977322099790186e-01 -4.46363723690378216835e-02 0.00000000000000000000e+00
-4.77154074092831559373e-01 1.95323115054212825825e+00 0.00000000000000000000e+00 0.00000000000000000000e+00
4.77154074092831559373e-01 1.95323115054212825825e+00 0.00000000000000000000e+00 0.00000000000000000000e+00
0.00000000000000000000e+00 1.83205080756887728199e+00 0.00000000000000000000e+00 0.00000000000000000000e+00
-1.00000000000000000000e+00 2.83205080756887728199e+00 0.00000000000000000000e+00 0.00000000000000000000e+00
1.00000000000000000000e+00 2.83205080756887728199e+00 0.00000000000000000000e+00 0.00000000000000000000e+00


2.33770933698029814707e-04 9.90861308856880174112e-01 -5.13694350226463203324e-02 0.00000000000000000000e+00
-5.22576706617084996154e-01 1.86966171831552863125e+00 0.00000000000000000000e+00 0.00000000000000000000e+00
-9.99766229066301970185e-01 -9.13869114311982588816e-03 1.14474890626124027127e-05 9.29317417747917984272e-01
-1.99976622906630208121e+00 9.90861308856880174112e-01 5.13724250987436931171e-02 0.00000000000000000000e+00
2.33770933698029814707e-04 9.90861308856880174112e-01 0.00000000000000000000e+00 0.00000000000000000000e+00
-2.33770933698029814707e-04 9.90861308856880174112e-01 5.13694350226463203324e-02 0.00000000000000000000e+00
5.22576706617084996154e-01 1.86966171831552863125e+00 0.00000000000000000000e+00 0.00000000000000000000e+00
9.99766229066301970185e-01 -9.13869114311982588816e-03 -1.14474890626124027127e-05 9.29317417747917984272e-01
-2.33770933698029814707e-04 9.90861308856880174112e-01 0.00000000000000000000e+00 0.00000000000000000000e+00
1.99976622906630208121e+00 9.90861308856880174112e-01 -5.13724250987436931171e-02 0.00000000000000000000e+00
-4.77189522449216974032e-01 1.95325039811022871383e+00 0.00000000000000000000e+00 0.00000000000000000000e+00
4.77189522449216974032e-01 1.95325039811022871383e+00 0.00000000000000000000e+00 0.00000000000000000000e+00
0.00000000000000000000e+00 1.83205080756887728199e+00 0.00000000000000000000e+00 0.00000000000000000000e+00
-1.00000000000000000000e+00 2.83205080756887728199e+00 0.00000000000000000000e+00 0.00000000000000000000e+00
1.00000000000000000000e+00 2.83205080756887728199e+00 0.00000000000000000000e+00 0.00000000000000000000e+00


2.66588315647520168739e-04 9.90404956762301114104e-01 -5.79693640828284270650e-02 0.00000000000000000000e+00
-5.22646634003049115336e-01 1.86926114895853889841e+00 0.00000000000000000000e+00 0.00000000000000000000e+00
-9.99733411684352479831e-01 -9.59504323769888589624e-03 -7.08870411198316751006e-05 9.99372243771667223555e-01
-1.99973341168435236881e+00 9.90404956762301114104e-01 5.80724605686515349401e-02 0.00000000000000000000e+00
2.66588315647520168739e-04 9.90404956762301114104e-01 0.00000000000000000000e+00 0.00000000000000000000e+00
-2.66588315647520168739e-04 9.90404956762301114104e-01 5.79693640828284270650e-02 0.00000000000000000000e+00
5.22646634003049115336e-01 1.86926114895853889841e+00 0.00000000000000000000e+00 0.00000000000000000000e+00
9.99733411684352479831e-01 -9.59504323769888589624e-03 7.08870411198316751006e-05 9.99372243771667223555e-01
-2.66588315647520168739e-04 9.90404956762301114104e-01 0.00000000000000000000e+00 0.00000000000000000000e+00
1.99973341168435236881e+00 9.90404956762301114104e-01 -5.80724605686515349401e-02 0.00000000000000000000e+00
-4.77086777681303364496e-01 1.95319461537263938666e+00 0.00000000000000000000e+00 0.00000000000000000000e+00
4.77086777681303364496e-01 1.95319461537263938666e+00 0.00000000000000000000e+00 0.00000000000000000000e+00
0.00000000000000000000e+00 1.83205080756887728199e+00 0.00000000000000000000e+00 0.00000000000000000000e+00
-1.00000000000000000000e+00 2.83205080756887728199e+00 0.00000000000000000000e+00 0.00000000000000000000e+00
1.00000000000000000000e+00 2.83205080756887728199e+00 0.00000000000000000000e+00 0.00000000000000000000e+00


2.99707620698086429911e-04 9.89915770388686389047e-01 -6.46360399270458074739e-02 0.00000000000000000000e+00
-5.22723998761654540246e-01 1.86883192982983104002e+00 0.00000000000000000000e+00 0.00000000000000000000e+00
-9.99700292379301913570e-01 -1.00842296113136109525e-02 -7.74572648975774795269e-05 1.03394341884671669973e+00
-1.99970029237930191357e+00 9.89915770388686389047e-01 6.47391226465417468638e-02 0.00000000000000000000e+00
2.99707620698086429911e-04 9.89915770388686389047e-01 0.00000000000000000000e+00 0.00000000000000000000e+00
-2.99707620698086429911e-04 9.89915770388686389047e-01 6.46360399270458074739e-02 0.00000000000000000000e+00
5.22723998761654540246e-01 1.86883192982983104002e+00 0.00000000000000000000e+00 0.00000000000000000000e+00
9.99700292379301913570e-01 -1.00842296113136109525e-02 7.74572648975774795269e-05 1.03394341884671669973e+00
-2.99707620698086429911e-04 9.89915770388686389047e-01 0.00000000000000000000e+00 0.00000000000000000000e+00
1.99970029237930191357e+00 9.89915770388686389047e-01 -6.47391226465417468638e-02 0.00000000000000000000e+00
-4.76976293617647373324e-01 1.95313464812773252000e+00 0.00000000000000000000e+00 0.00000000000000000000e+00
4.76976293617647373324e-01 1.95313464812773252000e+00 0.00000000000000000000e+00 0.00000000000000000000e+00
0.00000000000000000000e+00 1.83205080756887728199e+00 0.00000000000000000000e+00 0.00000000000000000000e+00
-1.00000000000000000000e+00 2.83205080756887728199e+00 0.00000000000000000000e+00 0.00000000000000000000e+00
1.00000000000000000000e+00 2.83205080756887728199e+00 0.00000000000000000000e+00 0.00000000000000000000e+00


3.33074885388584540635e-04 9.89732717311663234838e-01 -7.13351420328335872334e-02 0.00000000000000000000e+00
-5.22740213879946735709e-01 1.86867578265257971992e+00 0.00000000000000000000e+00 0.00000000000000000000e+00
-9.99666925114611415459e-01 -1.02672826883367651618e-02 -4.41233397827468174770e-05 1.02844716731395591225e+00
-1.99966692511461152648e+00 9.89732717311663234838e-01 7.13895715936467556428e-02 0.00000000000000000000e+00
3.33074885388584540635e-04 9.89732717311663234838e-01 0.00000000000000000000e+00 0.00000000000000000000e+00
-3.33074885388584540635e-04 9.89732717311663234838e-01 7.13351420328335872334e-02 0.00000000000000000000e+00
5.22740213879946735709e-01 1.86867578265257971992e+00 0.00000000000000000000e+00 0.00000000000000000000e+00
9.99666925114611415459e-01 -1.02672826883367651618e-02 4.41233397827468174770e-05 1.02844716731395591225e+00
-3.33074885388584540635e-04 9.89732717311663234838e-01 0.00000000000000000000e+00 0.00000000000000000000e+00
1.99966692511461152648e+00 9.89732717311663234838e-01 -7.13895715936467556428e-02 0.00000000000000000000e+00
-4.76926711234664679750e-01 1.95310774222796079691e+00 0.00000000000000000000e+00 0.00000000000000000000e+00
4.76926711234664679750e-01 1.95310774222796079691e+00 0.00000000000000000000e+00 0.00000000000000000000e+00
0.00000000000000000000e+00 1.83205080756887728199e+00 0.00000000000000000000e+00 0.00000000000000000000e+00
-1.00000000000000000000e+00 2.83205080756887728199e+00 0.00000000000000000000e+00 0.00000000000000000000e+00
1.00000000000000000000e+00 2.83205080756887728199e+00 0.00000000000000000000e+00 0.00000000000000000000e+00


3.43202445954537971318e-04 9.89819476212150384242e-01 -6.82965690707559441863e-02 0.00000000000000000000e+00
-5.20729911939250333930e-01 1.86767426957795112941e+00 0.00000000000000000000e+00 0.00000000000000000000e+00
-9.99656797554045462029e-01 -1.01805237878496157578e-02 1.37341735488851358210e-03 1.00703401828746352820e+00
-1.99965679755404535101e+00 9.89819476212150384242e-01 6.58517154646110075555e-02 0.00000000000000000000e+00
3.43202445954537971318e-04 9.89819476212150384242e-01 0.00000000000000000000e+00 0.00000000000000000000e+00
-3.43202445954537971318e-04 9.89819476212150384242e-01 6.82965690707559441863e-02 0.00000000000000000000e+00
5.20729911939250333930e-01 1.86767426957795112941e+00 0.00000000000000000000e+00 0.00000000000000000000e+00
9.99656797554045462029e-01 -1.01805237878496157578e-02 -1.37341735488851358210e-03 1.00703401828746352820e+00
-3.43202445954537971318e-04 9.89819476212150384242e-01 0.00000000000000000000e+00 0.00000000000000000000e+00
1.99965679755404535101e+00 9.89819476212150384242e-01 -6.58517154646110075555e-02 0.00000000000000000000e+00
-4.78926885614795128099e-01 1.94419601420305543371e+00 0.00000000000000000000e+00 0.00000000000000000000e+00
4.78926885614795128099e-01 1.94419601420305543371e+00 0.00000000000000000000e+00 0.00000000000000000000e+00
0.00000000000000000000e+00 1.82205080756885617888e+00 0.00000000000000000000e+00 0.00000000000000000000e+00
-1.00000000000000000000e+00 2.82205080756885617888e+00 0.00000000000000000000e+00 0.00000000000000000000e+00
1.00000000000000000000e+00 2.82205080756885617888e+00 0.00000000000000000000e+00 0.00000000000000000000e+00


3.38607953863312438614e-04 9.89980658611222086307e-01 -6.70542499470638542203e-02 0.00000000000000000000e+00
-5.18678615179190893869e-01 1.86671070164463026586e+00 0.00000000000000000000e+00 0.00000000000000000000e+00
-9.99661392046136687561e-01 -1.00193413887779136928e-02 7.46285676441529053152e-04 9.91961161286355475042e-01
-1.99966139204613657654e+00 9.89980658611222086307e-01 6.64728750264570594775e-02 0.00000000000000000000e+00
3.38607953863312438614e-04 9.89980658611222086307e-01 0.00000000000000000000e+00 0.00000000000000000000e+00
-3.38607953863312438614e-04 9.89980658611222086307e-01 6.70542499470638542203e-02 0.00000000000000000000e+00
5.18678615179190893869e-01 1.86671070164463026586e+00 0.00000000000000000000e+00 0.00000000000000000000e+00
9.99661392046136687561e-01 -1.00193413887779136928e-02 -7.46285676441529053152e-04 9.91961161286355475042e-01
-3.38607953863312438614e-04 9.89980658611222086307e-01 0.00000000000000000000e+00 0.00000000000000000000e+00
1.99966139204613657654e+00 9.89980658611222086307e-01 -6.64728750264570594775e-02 0.00000000000000000000e+00
-4.80982776866945849203e-01 1.93532076453542689620e+00 0.00000000000000000000e+00 0.00000000000000000000e+00
4.80982776866945849203e-01 1.93532076453542689620e+00 0.00000000000000000000e+00 0.00000000000000000000e+00
0.00000000000000000000e+00 1.81205080756883507576e+00 0.00000000000000000000e+00 0.00000000000000000000e+00
-1.00000000000000000000e+00 2.81205080756883507576e+00 0.00000000000000000000e+00 0.00000000000000000000e+00
1.00000000000000000000e+00 2.81205080756883507576e+00 0.00000000000000000000e+00 0.00000000000000000000e+00


3.34833361433695131382e-04 9.90071985799150455776e-01 -6.65580864945816419453e-02 0.00000000000000000000e+00
-5.16625871537273351208e-01 1.86567066064285214111e+00 0.00000000000000000000e+00 0.00000000000000000000e+00
-9.99665166638566304869e-01 -9.92801420084954422407e-03 4.48899840767936824867e-06 9.89905640335631775706e-01
-1.99966516663856630487e+00 9.90071985799150455776e-01 6.67209567526981656149e-02 0.00000000000000000000e+00
3.34833361433695131382e-04 9.90071985799150455776e-01 0.00000000000000000000e+00 0.00000000000000000000e+00
-3.34833361433695131382e-04 9.90071985799150455776e-01 6.65580864945816419453e-02 0.00000000000000000000e+00
5.16625871537273351208e-01 1.86567066064285214111e+00 0.00000000000000000000e+00 0.00000000000000000000e+00
9.99665166638566304869e-01 -9.92801420084954422407e-03 -4.48899840767936824867e-06 9.89905640335631775706e-01
-3.34833361433695131382e-04 9.90071985799150455776e-01 0.00000000000000000000e+00 0.00000000000000000000e+00
1.99966516663856630487e+00 9.90071985799150455776e-01 -6.67209567526981656149e-02 0.00000000000000000000e+00
-4.83039295101292953660e-01 1.92645213272511250935e+00 0.00000000000000000000e+00 0.00000000000000000000e+00
4.83039295101292953660e-01 1.92645213272511250935e+00 0.00000000000000000000e+00 0.00000000000000000000e+00
0.00000000000000000000e+00 1.80205080756881397264e+00 0.00000000000000000000e+00 0.00000000000000000000e+00
-1.00000000000000000000e+00 2.80205080756881397264e+00 0.00000000000000000000e+00 0.00000000000000000000e+00
1.00000000000000000000e+00 2.80205080756881397264e+00 0.00000000000000000000e+00 0.00000000000000000000e+00


3.32741109824286063201e-04 9.90069111040955851522e-01 -6.63533468505721202302e-02 0.00000000000000000000e+00
-5.14576575522893153725e-01 1.86453296330144979720e+00 0.00000000000000000000e+00 0.00000000000000000000e+00
-9.99667258890175713937e-01 -9.93088895904414847848e-03 -3.31011476192267400150e-04 9.95550813116644506273e-01
-1.99966725889017560291e+00 9.90069111040955851522e-01 6.68233265747029264725e-02 0.00000000000000000000e+00
3.32741109824286063201e-04 9.90069111040955851522e-01 0.00000000000000000000e+00 0.00000000000000000000e+00
-3.32741109824286063201e-04 9.90069111040955851522e-01 6.63533468505721202302e-02 0.00000000000000000000e+00
5.14576575522893153725e-01 1.86453296330144979720e+00 0.00000000000000000000e+00 0.00000000000000000000e+00
9.99667258890175713937e-01 -9.93088895904414847848e-03 3.31011476192267400150e-04 9.95550813116644506273e-01
-3.32741109824286063201e-04 9.90069111040955851522e-01 0.00000000000000000000e+00 0.00000000000000000000e+00
1.99966725889017560291e+00 9.90069111040955851522e-01 -6.68233265747029264725e-02 0.00000000000000000000e+00
-4.85090683367282560212e-01 1.91758695530829914588e+00 0.00000000000000000000e+00 0.00000000000000000000e+00
4.85090683367282560212e-01 1.91758695530829914588e+00 0.00000000000000000000e+00 0.00000000000000000000e+00
0.00000000000000000000e+00 1.79205080756879286952e+00 0.00000000000000000000e+00 0.00000000000000000000e+00
-1.00000000000000000000e+00 2.79205080756879286952e+00 0.00000000000000000000e+00 0.00000000000000000000e+00
1.00000000000000000000e+00 2.79205080756879286952e+00 0.00000000000000000000e+00 0.00000000000000000000e+00


3.32022137347620649450e-04 9.90022197803676617944e-01 -6.63818078391713861652e-02 0.00000000000000000000e+00
-5.12520898532595303720e-01 1.86334214095177364001e+00 0.00000000000000000000e+00 0.00000000000000000000e+00
-9.99667977862652379351e-01 -9.97780219632338205571e-03 -3.28243030701565457075e-04 1.00123323597952662567e+00
-1.99966797786265226833e+00 9.90022197803676617944e-01 6.68090960804032935050e-02 0.00000000000000000000e+00
3.32022137347620649450e-04 9.90022197803676617944e-01 0.00000000000000000000e+00 0.00000000000000000000e+00
-3.32022137347620649450e-04 9.90022197803676617944e-01 6.63818078391713861652e-02 0.00000000000000000000e+00
5.12520898532595303720e-01 1.86334214095177364001e+00 0.00000000000000000000e+00 0.00000000000000000000e+00
9.99667977862652379351e-01 -9.97780219632338205571e-03 3.28243030701565457075e-04 1.00123323597952662567e+00
-3.32022137347620649450e-04 9.90022197803676617944e-01 0.00000000000000000000e+00 0.00000000000000000000e+00
1.99966797786265226833e+00 9.90022197803676617944e-01 -6.68090960804032935050e-02 0.00000000000000000000e+00
-4.87147079330057131141e-01 1.90873086442067485535e+00 0.00000000000000000000e+00 0.00000000000000000000e+00
4.87147079330057131141e-01 1.90873086442067485535e+00 0.00000000000000000000e+00 0.00000000000000000000e+00
0.00000000000000000000e+00 1.78205080756877176640e+00 0.00000000000000000000e+00 0.00000000000000000000e+00
-1.00000000000000000000e+00 2.78205080756877176640e+00 0.00000000000000000000e+00 0.00000000000000000000e+00
1.00000000000000000000e+00 2.78205080756877176640e+00 0.00000000000000000000e+00 0.00000000000000000000e+00


3.32267465658730998257e-04 9.89984705675764797839e-01 -6.65275837608431674930e-02 0.00000000000000000000e+00
-5.10447970027813280325e-01 1.86214525510061479352e+00 0.00000000000000000000e+00 0.00000000000000000000e+00
-9.99667732534341269002e-01 -1.00152943242352021613e-02 -1.72099690531000645843e-04 1.00319178784051343811e+00
-1.99966773253434126900e+00 9.89984705675764797839e-01 6.67362081195674028411e-02 0.00000000000000000000e+00
3.32267465658730998257e-04 9.89984705675764797839e-01 0.00000000000000000000e+00 0.00000000000000000000e+00
-3.32267465658730998257e-04 9.89984705675764797839e-01 6.65275837608431674930e-02 0.00000000000000000000e+00
5.10447970027813280325e-01 1.86214525510061479352e+00 0.00000000000000000000e+00 0.00000000000000000000e+00
9.99667732534341269002e-01 -1.00152943242352021613e-02 1.72099690531000645843e-04 1.00319178784051343811e+00
-3.32267465658730998257e-04 9.89984705675764797839e-01 0.00000000000000000000e+00 0.00000000000000000000e+00
1.99966773253434126900e+00 9.89984705675764797839e-01 -6.67362081195674028411e-02 0.00000000000000000000e+00
-4.89219762506527933166e-01 1.89989025814390055658e+00 0.00000000000000000000e+00 0.00000000000000000000e+00
4.89219762506527933166e-01 1.89989025814390055658e+00 0.00000000000000000000e+00 0.00000000000000000000e+00
0.00000000000000000000e+00 1.77205080756875066328e+00 0.00000000000000000000e+00 0.00000000000000000000e+00
-1.00000000000000000000e+00 2.77205080756875066328e+00 0.00000000000000000000e+00 0.00000000000000000000e+00
1.00000000000000000000e+00 2.77205080756875066328e+00 0.00000000000000000000e+00 0.00000000000000000000e+00


3.32884294808377667607e-04 9.89976496762500768334e-01 -6.66647739634033120737e-02 0.00000000000000000000e+00
-5.08353749563390078237e-01 1.86095937618689699633e+00 0.00000000000000000000e+00 0.00000000000000000000e+00
-9.99667115705191622332e-01 -1.00235032374992316662e-02 -1.56742185024525097629e-05 1.00204486994141017675e+00
-1.99966711570519173335e+00 9.89976496762500768334e-01 6.66676130182873305507e-02 0.00000000000000000000e+00
3.32884294808377667607e-04 9.89976496762500768334e-01 0.00000000000000000000e+00 0.00000000000000000000e+00
-3.32884294808377667607e-04 9.89976496762500768334e-01 6.66647739634033120737e-02 0.00000000000000000000e+00
5.08353749563390078237e-01 1.86095937618689699633e+00 0.00000000000000000000e+00 0.00000000000000000000e+00
9.99667115705191622332e-01 -1.00235032374992316662e-02 1.56742185024525097629e-05 1.00204486994141017675e+00
-3.32884294808377667607e-04 9.89976496762500768334e-01 0.00000000000000000000e+00 0.00000000000000000000e+00
1.99966711570519173335e+00 9.89976496762500768334e-01 -6.66676130182873305507e-02 0.00000000000000000000e+00
-4.91313366141801599607e-01 1.89106792814433344319e+00 0.00000000000000000000e+00 0.00000000000000000000e+00
4.91313366141801599607e-01 1.89106792814433344319e+00 0.00000000000000000000e+00 0.00000000000000000000e+00
0.00000000000000000000e+00 1.76205080756872956016e+00 0.00000000000000000000e+00 0.00000000000000000000e+00
-1.00000000000000000000e+00 2.76205080756872956016e+00 0.00000000000000000000e+00 0.00000000000000000000e+00
1.00000000000000000000e+00 2.76205080756872956016e+00 0.00000000000000000000e+00 0.00000000000000000000e+00


3.33396250172479646778e-04 9.89987971744215378145e-01 -6.67325687635911546369e-02 0.00000000000000000000e+00
-5.06240275079583135209e-01 1.85977556545603883720e+00 0.00000000000000000000e+00 0.00000000000000000000e+00
-9.99666603749827520353e-01 -1.00120282557846218552e-02 6.75914849977144718742e-05 1.00013904459794167323e+00
-1.99966660374982740933e+00 9.89987971744215378145e-01 6.66337156181934092691e-02 0.00000000000000000000e+00
3.33396250172479646778e-04 9.89987971744215378145e-01 0.00000000000000000000e+00 0.00000000000000000000e+00
-3.33396250172479646778e-04 9.89987971744215378145e-01 6.67325687635911546369e-02 0.00000000000000000000e+00
5.06240275079583135209e-01 1.85977556545603883720e+00 0.00000000000000000000e+00 0.00000000000000000000e+00
9.99666603749827520353e-01 -1.00120282557846218552e-02 -6.75914849977144718742e-05 1.00013904459794167323e+00
-3.33396250172479646778e-04 9.89987971744215378145e-01 0.00000000000000000000e+00 0.00000000000000000000e+00
1.99966660374982740933e+00 9.89987971744215378145e-01 -6.66337156181934092691e-02 0.00000000000000000000e+00
-4.93426328670244440655e-01 1.88226321385688510901e+00 0.00000000000000000000e+00 0.00000000000000000000e+00
4.93426328670244440655e-01 1.88226321385688510901e+00 0.00000000000000000000e+00 0.00000000000000000000e+00
0.00000000000000000000e+00 1.75205080756870845704e+00 0.00000000000000000000e+00 0.00000000000000000000e+00
-1.00000000000000000000e+00 2.75205080756870845704e+00 0.00000000000000000000e+00 0.00000000000000000000e+00
1.00000000000000000000e+00 2.75205080756870845704e+00 0.00000000000000000000e+00 0.00000000000000000000e+00


3.33615606107451334594e-04 9.90001487730451601443e-01 -6.67344076224725829549e-02 0.00000000000000000000e+00
-5.04111219244999908540e-01 1.85857795430910210932e+00 0.00000000000000000000e+00 0.00000000000000000000e+00
-9.99666384393892548665e-01 -9.99851226954839855665e-03 7.61676643812958189704e-05 9.99118225349558408688e-01
-1.99966638439389265969e+00 9.90001487730451601443e-01 6.66327961887526881712e-02 0.00000000000000000000e+00
3.33615606107451334594e-04 9.90001487730451601443e-01 0.00000000000000000000e+00 0.00000000000000000000e+00
-3.33615606107451334594e-04 9.90001487730451601443e-01 6.67344076224725829549e-02 0.00000000000000000000e+00
5.04111219244999908540e-01 1.85857795430910210932e+00 0.00000000000000000000e+00 0.00000000000000000000e+00
9.99666384393892548665e-01 -9.99851226954839855665e-03 -7.61676643812958189704e-05 9.99118225349558408688e-01
-3.33615606107451334594e-04 9.90001487730451601443e-01 0.00000000000000000000e+00 0.00000000000000000000e+00
1.99966638439389265969e+00 9.90001487730451601443e-01 -6.66327961887526881712e-02 0.00000000000000000000e+00
-4.95555165148892695637e-01 1.87347434099003695707e+00 0.00000000000000000000e+00 0.00000000000000000000e+00
4.95555165148892695637e-01 1.87347434099003695707e+00 0.00000000000000000000e+00 0.00000000000000000000e+00
0.00000000000000000000e+00 1.74205080756868735392e+00 0.00000000000000000000e+00 0.00000000000000000000e+00
-1.00000000000000000000e+00 2.74205080756868735392e+00 0.00000000000000000000e+00 0.00000000000000000000e+00
1.00000000000000000000e+00 2.74205080756868735392e+00 0.00000000000000000000e+00 0.00000000000000000000e+00


3.33589028465142156676e-04 9.90007098229549353796e-01 -6.67033328136745207182e-02 0.00000000000000000000e+00
-5.01968581188171003582e-01 1.85735758691848173996e+00 0.00000000000000000000e+00 0.00000000000000000000e+00
-9.99666410971534857843e-01 -9.99290177045064620387e-03 4.44159371577693365559e-05 9.99201160924565789934e-01
-1.99966641097153496887e+00 9.90007098229549353796e-01 6.66483335931517262285e-02 0.00000000000000000000e+00
3.33589028465142156676e-04 9.90007098229549353796e-01 0.00000000000000000000e+00 0.00000000000000000000e+00
-3.33589028465142156676e-04 9.90007098229549353796e-01 6.67033328136745207182e-02 0.00000000000000000000e+00
5.01968581188171003582e-01 1.85735758691848173996e+00 0.00000000000000000000e+00 0.00000000000000000000e+00
9.99666410971534857843e-01 -9.99290177045064620387e-03 -4.44159371577693365559e-05 9.99201160924565789934e-01
-3.33589028465142156676e-04 9.90007098229549353796e-01 0.00000000000000000000e+00 0.00000000000000000000e+00
1.99966641097153496887e+00 9.90007098229549353796e-01 -6.66483335931517262285e-02 0.00000000000000000000e+00
-4.97697829783363854261e-01 1.86470031887973397566e+00 0.00000000000000000000e+00 0.00000000000000000000e+00
4.97697829783363854261e-01 1.86470031887973397566e+00 0.00000000000000000000e+00 0.00000000000000000000e+00
0.00000000000000000000e+00 1.73205080756866625080e+00 0.00000000000000000000e+00 0.00000000000000000000e+00
-1.00000000000000000000e+00 2.73205080756866625080e+00 0.00000000000000000000e+00 0.00000000000000000000e+00
1.00000000000000000000e+00 2.73205080756866625080e+00 0.00000000000000000000e+00 0.00000000000000000000e+00


3.33337467050220936926e-04 9.90004502382040851849e-01 -6.66709446438473879448e-02 0.00000000000000000000e+00
-4.99812246932054504711e-01 1.85611394304429766500e+00 -1.18032853892143824170e-01 -6.57068792016393787847e-01
-9.99666662532949779063e-01 -9.99549761795914815110e-03 8.04674977199105034961e-06 9.99767656950882988021e-01
-1.99966666253294977906e+00 9.90004502382040851849e-01 6.66645276780652995541e-02 0.00000000000000000000e+00
3.33337467050220936926e-04 9.90004502382040851849e-01 0.00000000000000000000e+00 0.00000000000000000000e+00
-3.33337467050220936926e-04 9.90004502382040851849e-01 6.66709446438473879448e-02 0.00000000000000000000e+00
4.99812246932054504711e-01 1.85611394304429766500e+00 1.18032853892143824170e-01 -6.57068792016393787847e-01
9.99666662532949779063e-01 -9.99549761795914815110e-03 -8.04674977199105034961e-06 9.99767656950882988021e-01
-3.33337467050220936926e-04 9.90004502382040851849e-01 0.00000000000000000000e+00 0.00000000000000000000e+00
1.99966666253294977906e+00 9.90004502382040851849e-01 -6.66645276780652995541e-02 0.00000000000000000000e+00
-4.99854415600895274352e-01 1.85594168104397283514e+00 1.18032853892143824170e-01 6.57068792016393787847e-01
4.99854415600895274352e-01 1.85594168104397283514e+00 -1.18032853892143824170e-01 6.57068792016393787847e-01
0.00000000000000000000e+00 1.72205112170622953727e+00 0.00000000000000000000e+00 0.00000000000000000000e+00
-1.00000000000000000000e+00 2.72205112170622953727e+00 0.00000000000000000000e+00 0.00000000000000000000e+00
1.00000000000000000000e+00 2.72205112170622953727e+00 0.00000000000000000000e+00 0.00000000000000000000e+00


6.65856866982617034978e-05 9.87502423850123323135e-01 2.83642745938882320789e-02 0.00000000000000000000e+00
-4.98696416718651946987e-01 1.85281246784724507037e+00 -2.53414582070139671188e-01 -6.38395649865880043805e-01
-9.99933414313301738297e-01 -1.24975761498766768653e-02 1.30517746383997518267e-01 1.52764350408707438866e+00
-1.99993341431330184932e+00 9.87502423850123323135e-01 1.14182137296933106096e-01 0.00000000000000000000e+00
6.65856866982617034978e-05 9.87502423850123323135e-01 0.00000000000000000000e+00 0.00000000000000000000e+00
-6.65856866982617034978e-05 9.87502423850123323135e-01 -2.83642745938882320789e-02 0.00000000000000000000e+00
4.98696416718651946987e-01 1.85281246784724507037e+00 2.53414582070139671188e-01 -6.38395649865880043805e-01
9.99933414313301738297e-01 -1.24975761498766768653e-02 -1.30517746383997518267e-01 1.52764350408707438866e+00
-6.65856866982617034978e-05 9.87502423850123323135e-01 0.00000000000000000000e+00 0.00000000000000000000e+00
1.99993341431330184932e+00 9.87502423850123323135e-01 -1.14182137296933106096e-01 0.00000000000000000000e+00
-5.01236997594649791310e-01 1.84839236850303079152e+00 2.53414582070139671188e-01 6.38395649865880043805e-01
5.01236997594649791310e-01 1.84839236850303079152e+00 -2.53414582070139671188e-01 6.38395649865880043805e-01
0.00000000000000000000e+00 1.71370241250015276080e+00 0.00000000000000000000e+00 0.00000000000000000000e+00
-1.00000000000000000000e+00 2.71370241250015276080e+00 0.00000000000000000000e+00 0.00000000000000000000e+00
1.00000000000000000000e+00 2.71370241250015276080e+00 0.00000000000000000000e+00 0.00000000000000000000e+00


-1.85021431159171356740e-04 9.83695519749346103389e-01 0.00000000000000000000e+00 0.00000000000000000000e+00
-4.98485344243475347881e-01 1.84873738804808551706e+00 -2.62663824354413044659e-01 -6.47131223269678534926e-01
-1.00018502143115917136e+00 -1.63044802506538966114e-02 1.36471737920808744438e-01 1.85405917561880961841e+00
-2.00018502143115917136e+00 9.83695519749346103389e-01 1.34999852411253395967e-01 0.00000000000000000000e+00
-1.85021431159171356740e-04 9.83695519749346103389e-01 0.00000000000000000000e+00 0.00000000000000000000e+00
1.85021431159171356740e-04 9.83695519749346103389e-01 0.00000000000000000000e+00 0.00000000000000000000e+00
4.98485344243475347881e-01 1.84873738804808551706e+00 2.62663824354413044659e-01 -6.47131223269678534926e-01
1.00018502143115917136e+00 -1.63044802506538966114e-02 -1.36471737920808744438e-01 1.85405917561880961841e+00
1.85021431159171356740e-04 9.83695519749346103389e-01 0.00000000000000000000e+00 0.00000000000000000000e+00
2.00018502143115917136e+00 9.83695519749346103389e-01 -1.34999852411253395967e-01 0.00000000000000000000e+00
-5.01699677187683823476e-01 1.84318171444577383333e+00 2.62663824354413044659e-01 6.47131223269678534926e-01
5.01699677187683823476e-01 1.84318171444577383333e+00 -2.62663824354413044659e-01 6.47131223269678534926e-01
0.00000000000000000000e+00 1.70822358274451335802e+00 0.00000000000000000000e+00 0.00000000000000000000e+00
-1.00000000000000000000e+00 2.70822358274451335802e+00 0.00000000000000000000e+00 0.00000000000000000000e+00
1.00000000000000000000e+00 2.70822358274451335802e+00 0.00000000000000000000e+00 0.00000000000000000000e+00


-3.58981802581315179168e-04 9.81724088504143055367e-01 0.00000000000000000000e+00 0.00000000000000000000e+00
-4.98467838621353798167e-01 1.84665488365265684223e+00 -2.53316860942372268362e-01 -6.53078144841596319736e-01
-1.00035898180258131518e+00 -1.82759114958569446330e-02 1.23192817254158148987e-01 1.88462855964622266747e+00
-2.00035898180258131518e+00 9.81724088504143055367e-01 1.43698823578718409832e-01 0.00000000000000000000e+00
-3.58981802581315179168e-04 9.81724088504143055367e-01 0.00000000000000000000e+00 0.00000000000000000000e+00
3.58981802581315179168e-04 9.81724088504143055367e-01 0.00000000000000000000e+00 0.00000000000000000000e+00
4.98467838621353798167e-01 1.84665488365265684223e+00 2.53316860942372268362e-01 -6.53078144841596319736e-01
1.00035898180258131518e+00 -1.82759114958569446330e-02 -1.23192817254158148987e-01 1.88462855964622266747e+00
3.58981802581315179168e-04 9.81724088504143055367e-01 0.00000000000000000000e+00 0.00000000000000000000e+00
2.00035898180258131518e+00 9.81724088504143055367e-01 -1.43698823578718409832e-01 0.00000000000000000000e+00
-5.01891143181227517012e-01 1.84075131444038797568e+00 2.53316860942372268362e-01 6.53078144841596319736e-01
5.01891143181227517012e-01 1.84075131444038797568e+00 -2.53316860942372268362e-01 6.53078144841596319736e-01
0.00000000000000000000e+00 1.70568210958890187356e+00 0.00000000000000000000e+00 0.00000000000000000000e+00
-1.00000000000000000000e+00 2.70568210958890187356e+00 0.00000000000000000000e+00 0.00000000000000000000e+00
1.00000000000000000000e+00 2.70568210958890187356e+00 0.00000000000000000000e+00 0.00000000000000000000e+00


-4.01711287198347477556e-04 9.81962173660855142110e-01 0.00000000000000000000e+00 0.00000000000000000000e+00
-4.98528862005315764883e-01 1.84690358390416453638e+00 -2.32961337635314735817e-01 -5.98337808426408934714e-01
-1.00040171128719834748e+00 -1.80378263391448578901e-02 1.05621186511669823416e-01 1.72913169695651403046e+00
-2.00040171128719812543e+00 9.81962173660855142110e-01 1.38910042412075523943e-01 0.00000000000000000000e+00
-4.01711287198347477556e-04 9.81962173660855142110e-01 0.00000000000000000000e+00 0.00000000000000000000e+00
4.01711287198347477556e-04 9.81962173660855142110e-01 0.00000000000000000000e+00 0.00000000000000000000e+00
4.98528862005315764883e-01 1.84690358390416453638e+00 2.32961337635314735817e-01 -5.98337808426408934714e-01
1.00040171128719834748e+00 -1.80378263391448578901e-02 -1.05621186511669823416e-01 1.72913169695651403046e+00
4.01711287198347477556e-04 9.81962173660855142110e-01 0.00000000000000000000e+00 0.00000000000000000000e+00
2.00040171128719812543e+00 9.81962173660855142110e-01 -1.38910042412075523943e-01 0.00000000000000000000e+00
-5.01872849281882582595e-01 1.84114607891496184777e+00 2.32961337635314735817e-01 5.98337808426408934714e-01
5.01872849281882582595e-01 1.84114607891496184777e+00 -2.32961337635314735817e-01 5.98337808426408934714e-01
0.00000000000000000000e+00 1.70608748915827135306e+00 0.00000000000000000000e+00 0.00000000000000000000e+00
-1.00000000000000000000e+00 2.70608748915827135306e+00 0.00000000000000000000e+00 0.00000000000000000000e+00
1.00000000000000000000e+00 2.70608748915827135306e+00 0.00000000000000000000e+00 0.00000000000000000000e+00


-3.31985139124135741895e-04 9.83484135115486601819e-01 0.00000000000000000000e+00 0.00000000000000000000e+00
-4.98655099282114488979e-01 1.84853922133648174153e+00 -2.03438246007683065653e-01 -5.14319934508319587252e-01
-1.00033198513912413574e+00 -1.65158648845133981808e-02 8.41808979077411367875e-02 1.52693530064033811122e+00
-2.00033198513912413574e+00 9.83484135115486601819e-01 1.25447112463181437159e-01 0.00000000000000000000e+00
-3.31985139124135741895e-04 9.83484135115486601819e-01 0.00000000000000000000e+00 0.00000000000000000000e+00
3.31985139124135741895e-04 9.83484135115486601819e-01 0.00000000000000000000e+00 0.00000000000000000000e+00
4.98655099282114488979e-01 1.84853922133648174153e+00 2.03438246007683065653e-01 -5.14319934508319587252e-01
1.00033198513912413574e+00 -1.65158648845133981808e-02 -8.41808979077411367875e-02 1.52693530064033811122e+00
3.31985139124135741895e-04 9.83484135115486601819e-01 0.00000000000000000000e+00 0.00000000000000000000e+00
2.00033198513912413574e+00 9.83484135115486601819e-01 -1.25447112463181437159e-01 0.00000000000000000000e+00
-5.01676885857009646763e-01 1.84334011669968367286e+00 2.03438246007683065653e-01 5.14319934508319587252e-01
5.01676885857009646763e-01 1.84334011669968367286e+00 -2.03438246007683065653e-01 5.14319934508319587252e-01
0.00000000000000000000e+00 1.70839520292067881257e+00 0.00000000000000000000e+00 0.00000000000000000000e+00
-1.00000000000000000000e+00 2.70839520292067881257e+00 0.00000000000000000000e+00 0.00000000000000000000e+00
1.00000000000000000000e+00 2.70839520292067881257e+00 0.00000000000000000000e+00 0.00000000000000000000e+00


-2.02822981972161642261e-04 9.85155059920691189568e-01 0.00000000000000000000e+00 0.00000000000000000000e+00
-4.98779649374304412390e-01 1.85035723338606938881e+00 -1.78708378294491126992e-01 -4.49830801192269424948e-01
-1.00020282298197216164e+00 -1.48449400793088104322e-02 6.68155486951872018553e-02 1.38213365688473910353e+00
-2.00020282298197216164e+00 9.85155059920691189568e-01 1.10730861859552956461e-01 0.00000000000000000000e+00
-2.02822981972161642261e-04 9.85155059920691189568e-01 0.00000000000000000000e+00 0.00000000000000000000e+00
2.02822981972161642261e-04 9.85155059920691189568e-01 0.00000000000000000000e+00 0.00000000000000000000e+00
4.98779649374304412390e-01 1.85035723338606938881e+00 1.78708378294491126992e-01 -4.49830801192269424948e-01
1.00020282298197216164e+00 -1.48449400793088104322e-02 -6.68155486951872018553e-02 1.38213365688473910353e+00
2.02822981972161642261e-04 9.85155059920691189568e-01 0.00000000000000000000e+00 0.00000000000000000000e+00
2.00020282298197216164e+00 9.85155059920691189568e-01 -1.10730861859552956461e-01 0.00000000000000000000e+00
-5.01423173607667749252e-01 1.84580669272285580185e+00 1.78708378294491126992e-01 4.49830801192269424948e-01
5.01423173607667749252e-01 1.84580669272285580185e+00 -1.78708378294491126992e-01 4.49830801192269424948e-01
0.00000000000000000000e+00 1.71100886618823411212e+00 0.00000000000000000000e+00 0.00000000000000000000e+00
-1.00000000000000000000e+00 2.71100886618823411212e+00 0.00000000000000000000e+00 0.00000000000000000000e+00
1.00000000000000000000e+00 2.71100886618823411212e+00 0.00000000000000000000e+00 0.00000000000000000000e+00


-8.40505505967925614641e-05 9.86192604552016960362e-01 0.00000000000000000000e+00 0.00000000000000000000e+00
-4.98845458017560638986e-01 1.85150172466777118707e+00 -1.68868895148835906905e-01 -4.28599767948507404114e-01
-1.00008405055059679256e+00 -1.38073954479830396380e-02 6.07757391539797339752e-02 1.33761196634538226391e+00
-2.00008405055059679256e+00 9.86192604552016960362e-01 1.01724452716187144241e-01 0.00000000000000000000e+00
-8.40505505967925614641e-05 9.86192604552016960362e-01 0.00000000000000000000e+00 0.00000000000000000000e+00
8.40505505967925614641e-05 9.86192604552016960362e-01 0.00000000000000000000e+00 0.00000000000000000000e+00
4.98845458017560638986e-01 1.85150172466777118707e+00 1.68868895148835906905e-01 -4.28599767948507404114e-01
1.00008405055059679256e+00 -1.38073954479830396380e-02 -6.07757391539797339752e-02 1.33761196634538226391e+00
8.40505505967925614641e-05 9.86192604552016960362e-01 0.00000000000000000000e+00 0.00000000000000000000e+00
2.00008405055059679256e+00 9.86192604552016960362e-01 -1.01724452716187144241e-01 0.00000000000000000000e+00
-5.01238592533036153576e-01 1.84737597362217398356e+00 1.68868895148835906905e-01 4.28599767948507404114e-01
5.01238592533036153576e-01 1.84737597362217398356e+00 -1.68868895148835906905e-01 4.28599767948507404114e-01
0.00000000000000000000e+00 1.71268509373792809924e+00 0.00000000000000000000e+00 0.00000000000000000000e+00
-1.00000000000000000000e+00 2.71268509373792809924e+00 0.00000000000000000000e+00 0.00000000000000000000e+00
1.00000000000000000000e+00 2.71268509373792809924e+00 0.00000000000000000000e+00 0.00000000000000000000e+00


-2.53873426891981779363e-05 9.86360517410658999005e-01 0.00000000000000000000e+00 0.00000000000000000000e+00
-4.98841800004759305942e-01 1.85170149747752454950e+00 -1.73865648411377138327e-01 -4.45870987798587081752e-01
-1.00002538734268919818e+00 -1.36394825893410009954e-02 6.58847799845227316551e-02 1.37878057943271681296e+00
-2.00002538734268942022e+00 9.86360517410658999005e-01 1.00874574127797642098e-01 0.00000000000000000000e+00
-2.53873426891981779363e-05 9.86360517410658999005e-01 0.00000000000000000000e+00 0.00000000000000000000e+00
2.53873426891981779363e-05 9.86360517410658999005e-01 0.00000000000000000000e+00 0.00000000000000000000e+00
4.98841800004759305942e-01 1.85170149747752454950e+00 1.73865648411377138327e-01 -4.45870987798587081752e-01
1.00002538734268919818e+00 -1.36394825893410009954e-02 -6.58847799845227316551e-02 1.37878057943271681296e+00
2.53873426891981779363e-05 9.86360517410658999005e-01 0.00000000000000000000e+00 0.00000000000000000000e+00
2.00002538734268942022e+00 9.86360517410658999005e-01 -1.00874574127797642098e-01 0.00000000000000000000e+00
-5.01183587337929892236e-01 1.84765772674018968758e+00 1.73865648411377138327e-01 4.45870987798587081752e-01
5.01183587337929892236e-01 1.84765772674018968758e+00 -1.73865648411377138327e-01 4.45870987798587081752e-01
0.00000000000000000000e+00 1.71299870680705534909e+00 0.00000000000000000000e+00 0.00000000000000000000e+00
-1.00000000000000000000e+00 2.71299870680705534909e+00 0.00000000000000000000e+00 0.00000000000000000000e+00
1.00000000000000000000e+00 2.71299870680705534909e+00 0.00000000000000000000e+00 0.00000000000000000000e+00


-3.46603396053080103911e-05 9.85878754247436206448e-01 0.00000000000000000000e+00 0.00000000000000000000e+00
-4.98793758422410138387e-01 1.85118653662618992684e+00 -1.86678381728089370917e-01 -4.81125115541907011352e-01
-1.00003466033960530801e+00 -1.41212457525637935518e-02 7.63833345551697406872e-02 1.45898879184995644565e+00
-2.00003466033960553005e+00 9.85878754247436206448e-01 1.05980638659687681491e-01 0.00000000000000000000e+00
-3.46603396053080103911e-05 9.85878754247436206448e-01 0.00000000000000000000e+00 0.00000000000000000000e+00
3.46603396053080103911e-05 9.85878754247436206448e-01 0.00000000000000000000e+00 0.00000000000000000000e+00
4.98793758422410138387e-01 1.85118653662618992684e+00 1.86678381728089370917e-01 -4.81125115541907011352e-01
1.00003466033960530801e+00 -1.41212457525637935518e-02 -7.63833345551697406872e-02 1.45898879184995644565e+00
3.46603396053080103911e-05 9.85878754247436206448e-01 0.00000000000000000000e+00 0.00000000000000000000e+00
2.00003466033960553005e+00 9.85878754247436206448e-01 -1.05980638659687681491e-01 0.00000000000000000000e+00
-5.01240901917195169624e-01 1.84695761042802519825e+00 1.86678381728089370917e-01 4.81125115541907011352e-01
5.01240901917195169624e-01 1.84695761042802519825e+00 -1.86678381728089370917e-01 4.81125115541907011352e-01
0.00000000000000000000e+00 1.71226539280677902966e+00 0.00000000000000000000e+00 0.00000000000000000000e+00
-1.00000000000000000000e+00 2.71226539280677902966e+00 0.00000000000000000000e+00 0.00000000000000000000e+00
1.00000000000000000000e+00 2.71226539280677902966e+00 0.00000000000000000000e+00 0.00000000000000000000e+00


-8.58786858457527557675e-05 9.85175007433114480193e-01 0.00000000000000000000e+00 0.00000000000000000000e+00
-4.98737466044598565240e-01 1.85042050389183732051e+00 -1.99056258004140340656e-01 -5.12856307448140480432e-01
-1.00008587868584575276e+00 -1.48249925668855198069e-02 8.57788859208262893796e-02 1.53025307597683624117e+00
-2.00008587868584575276e+00 9.85175007433114480193e-01 1.12796360557759892118e-01 0.00000000000000000000e+00
-8.58786858457527557675e-05 9.85175007433114480193e-01 0.00000000000000000000e+00 0.00000000000000000000e+00
8.58786858457527557675e-05 9.85175007433114480193e-01 0.00000000000000000000e+00 0.00000000000000000000e+00
4.98737466044598565240e-01 1.85042050389183732051e+00 1.99056258004140340656e-01 -5.12856307448140480432e-01
1.00008587868584575276e+00 -1.48249925668855198069e-02 -8.57788859208262893796e-02 1.53025307597683624117e+00
8.58786858457527557675e-05 9.85175007433114480193e-01 0.00000000000000000000e+00 0.00000000000000000000e+00
2.00008587868584575276e+00 9.85175007433114480193e-01 -1.12796360557759892118e-01 0.00000000000000000000e+00
-5.01348412641247187516e-01 1.84590939859924052513e+00 1.99056258004140340656e-01 5.12856307448140480432e-01
5.01348412641247187516e-01 1.84590939859924052513e+00 -1.99056258004140340656e-01 5.12856307448140480432e-01
0.00000000000000000000e+00 1.71115489505796336545e+00 0.00000000000000000000e+00 0.00000000000000000000e+00
-1.00000000000000000000e+00 2.71115489505796336545e+00 0.00000000000000000000e+00 0.00000000000000000000e+00
1.00000000000000000000e+00 2.71115489505796336545e+00 0.00000000000000000000e+00 0.00000000000000000000e+00


-1.72729755126166395485e-04 9.84631192176997460663e-01 0.00000000000000000000e+00 0.00000000000000000000e+00
-4.98718664461058835968e-01 1.84981546179824585252e+00 -2.01496200570811134778e-01 -5.27857544929999700223e-01
-1.00017272975512616640e+00 -1.53688078230025393367e-02 9.36747449555972583335e-02 1.56425153472489752993e+00
-2.00017272975512616640e+00 9.84631192176997460663e-01 1.07256276601707750684e-01 0.00000000000000000000e+00
-1.72729755126166395485e-04 9.84631192176997460663e-01 0.00000000000000000000e+00 0.00000000000000000000e+00
1.72729755126166395485e-04 9.84631192176997460663e-01 0.00000000000000000000e+00 0.00000000000000000000e+00
4.98718664461058835968e-01 1.84981546179824585252e+00 2.01496200570811134778e-01 -5.27857544929999700223e-01
1.00017272975512616640e+00 -1.53688078230025393367e-02 -9.36747449555972583335e-02 1.56425153472489752993e+00
1.72729755126166395485e-04 9.84631192176997460663e-01 0.00000000000000000000e+00 0.00000000000000000000e+00
2.00017272975512616640e+00 9.84631192176997460663e-01 -1.07256276601707750684e-01 0.00000000000000000000e+00
-5.01454065294067330427e-01 1.84509166080271347354e+00 2.01496200570811134778e-01 5.27857544929999700223e-01
5.01454065294067330427e-01 1.84509166080271347354e+00 -2.01496200570811134778e-01 5.27857544929999700223e-01
0.00000000000000000000e+00 1.71027593042396208745e+00 0.00000000000000000000e+00 0.00000000000000000000e+00
-1.00000000000000000000e+00 2.71027593042396208745e+00 0.00000000000000000000e+00 0.00000000000000000000e+00
1.00000000000000000000e+00 2.71027593042396208745e+00 0.00000000000000000000e+00 0.00000000000000000000e+00


-2.68005262876291894258e-04 9.84432623680008611622e-01 0.00000000000000000000e+00 0.00000000000000000000e+00
-4.98744869133897150704e-01 1.84957685669977145437e+00 -1.98024004370515427365e-01 -5.25932323205168583691e-01
-1.00026800526287629189e+00 -1.55673763199913883781e-02 9.57639792127869954319e-02 1.55861165174851801218e+00
-2.00026800526287651394e+00 9.84432623680008611622e-01 1.05534665423587831201e-01 0.00000000000000000000e+00
-2.68005262876291894258e-04 9.84432623680008611622e-01 0.00000000000000000000e+00 0.00000000000000000000e+00
2.68005262876291894258e-04 9.84432623680008611622e-01 0.00000000000000000000e+00 0.00000000000000000000e+00
4.98744869133897150704e-01 1.84957685669977145437e+00 1.98024004370515427365e-01 -5.25932323205168583691e-01
1.00026800526287629189e+00 -1.55673763199913883781e-02 -9.57639792127869954319e-02 1.55861165174851801218e+00
2.68005262876291894258e-04 9.84432623680008611622e-01 0.00000000000000000000e+00 0.00000000000000000000e+00
2.00026800526287651394e+00 9.84432623680008611622e-01 -1.05534665423587831201e-01 0.00000000000000000000e+00
-5.01523136128979141191e-01 1.84478230585763225413e+00 1.98024004370515427365e-01 5.25932323205168583691e-01
5.01523136128979141191e-01 1.84478230585763225413e+00 -1.98024004370515427365e-01 5.25932323205168583691e-01
0.00000000000000000000e+00 1.70992653887739498586e+00 0.00000000000000000000e+00 0.00000000000000000000e+00
-1.00000000000000000000e+00 2.70992653887739498586e+00 0.00000000000000000000e+00 0.00000000000000000000e+00
1.00000000000000000000e+00 2.70992653887739498586e+00 0.00000000000000000000e+00 0.00000000000000000000e+00


-3.34032806676098914522e-04 9.84548886688428992464e-01 0.00000000000000000000e+00 0.00000000000000000000e+00
-4.98792909126507977291e-01 1.84968269209521940510e+00 -1.91042083407074347878e-01 -5.13311551819540690111e-01
-1.00033403280667609891e+00 -1.54511133115710075359e-02 9.41155557763266731319e-02 1.52933796116103493112e+00
-2.00033403280667609891e+00 9.84548886688428992464e-01 9.97969514344562574903e-02 0.00000000000000000000e+00
-3.34032806676098914522e-04 9.84548886688428992464e-01 0.00000000000000000000e+00 0.00000000000000000000e+00
3.34032806676098914522e-04 9.84548886688428992464e-01 0.00000000000000000000e+00 0.00000000000000000000e+00
4.98792909126507977291e-01 1.84968269209521940510e+00 1.91042083407074347878e-01 -5.13311551819540690111e-01
1.00033403280667609891e+00 -1.54511133115710075359e-02 -9.41155557763266731319e-02 1.52933796116103493112e+00
3.34032806676098914522e-04 9.84548886688428992464e-01 0.00000000000000000000e+00 0.00000000000000000000e+00
2.00033403280667609891e+00 9.84548886688428992464e-01 -9.97969514344562574903e-02 0.00000000000000000000e+00
-5.01541123680168121624e-01 1.84494231229535232686e+00 1.91042083407074347878e-01 5.13311551819540690111e-01
5.01541123680168121624e-01 1.84494231229535232686e+00 -1.91042083407074347878e-01 5.13311551819540690111e-01
0.00000000000000000000e+00 1.71007611770214262847e+00 0.00000000000000000000e+00 0.00000000000000000000e+00
-1.00000000000000000000e+00 2.71007611770214262847e+00 0.00000000000000000000e+00 0.00000000000000000000e+00
1.00000000000000000000e+00 2.71007611770214262847e+00 0.00000000000000000000e+00 0.00000000000000000000e+00


-3.72700299103634336007e-04 9.84822698303187249458e-01 0.00000000000000000000e+00 0.00000000000000000000e+00
-4.98846599902402432214e-01 1.84996521293351001702e+00 -1.83261914828392047383e-01 -4.99028278554460802408e-01
-1.00037270029910363434e+00 -1.51773016968127505422e-02 9.19226262241083502680e-02 1.49712759551463392427e+00
-2.00037270029910363434e+00 9.84822698303187249458e-01 9.22902101130319008071e-02 0.00000000000000000000e+00
-3.72700299103634336007e-04 9.84822698303187249458e-01 0.00000000000000000000e+00 0.00000000000000000000e+00
3.72700299103634336007e-04 9.84822698303187249458e-01 0.00000000000000000000e+00 0.00000000000000000000e+00
4.98846599902402432214e-01 1.84996521293351001702e+00 1.83261914828392047383e-01 -4.99028278554460802408e-01
1.00037270029910363434e+00 -1.51773016968127505422e-02 -9.19226262241083502680e-02 1.49712759551463392427e+00
3.72700299103634336007e-04 9.84822698303187249458e-01 0.00000000000000000000e+00 0.00000000000000000000e+00
2.00037270029910363434e+00 9.84822698303187249458e-01 -9.22902101130319008071e-02 0.00000000000000000000e+00
-5.01526100396701202122e-01 1.84534402059986502032e+00 1.83261914828392047383e-01 4.99028278554460802408e-01
5.01526100396701202122e-01 1.84534402059986502032e+00 -1.83261914828392047383e-01 4.99028278554460802408e-01
0.00000000000000000000e+00 1.71048653523018767686e+00 0.00000000000000000000e+00 0.00000000000000000000e+00
-1.00000000000000000000e+00 2.71048653523018767686e+00 0.00000000000000000000e+00 0.00000000000000000000e+00
1.00000000000000000000e+00 2.71048653523018767686e+00 0.00000000000000000000e+00 0.00000000000000000000e+00


-4.01700663178461425673e-04 9.85081965547117910376e-01 0.00000000000000000000e+00 0.00000000000000000000e+00
-4.98894900187819345661e-01 1.85023566812080986210e+00 -1.77127095473371742873e-01 -4.89931744607633556932e-01
-1.00040170066317846143e+00 -1.49180344528820896244e-02 9.13836114482245026602e-02 1.47695001811054327234e+00
-2.00040170066317823938e+00 9.85081965547117910376e-01 8.51176763344669989886e-02 0.00000000000000000000e+00
-4.01700663178461425673e-04 9.85081965547117910376e-01 0.00000000000000000000e+00 0.00000000000000000000e+00
4.01700663178461425673e-04 9.85081965547117910376e-01 0.00000000000000000000e+00 0.00000000000000000000e+00
4.98894900187819345661e-01 1.85023566812080986210e+00 1.77127095473371742873e-01 -4.89931744607633556932e-01
1.00040170066317846143e+00 -1.49180344528820896244e-02 -9.13836114482245026602e-02 1.47695001811054327234e+00
4.01700663178461425673e-04 9.85081965547117910376e-01 0.00000000000000000000e+00 0.00000000000000000000e+00
2.00040170066317823938e+00 9.85081965547117910376e-01 -8.51176763344669989886e-02 0.00000000000000000000e+00
-5.01506800475359115765e-01 1.84573046359537196182e+00 1.77127095473371742873e-01 4.89931744607633556932e-01
5.01506800475359115765e-01 1.84573046359537196182e+00 -1.77127095473371742873e-01 4.89931744607633556932e-01
0.00000000000000000000e+00 1.71088416616906391354e+00 0.00000000000000000000e+00 0.00000000000000000000e+00
-1.00000000000000000000e+00 2.71088416616906391354e+00 0.00000000000000000000e+00 0.00000000000000000000e+00
1.00000000000000000000e+00 2.71088416616906391354e+00 0.00000000000000000000e+00 0.00000000000000000000e+00


-4.36275701295674167568e-04 9.85218774990815115977e-01 0.00000000000000000000e+00 0.00000000000000000000e+00
-4.98932199797233244531e-01 1.85037405692095058285e+00 -1.73709872204757476144e-01 -4.88282915583251264646e-01
-1.00043627570129567417e+00 -1.47812250091848840228e-02 9.31284438805796421779e-02 1.47355937623656463309e+00
-2.00043627570129567417e+00 9.85218774990815115977e-01 7.93008831493548366209e-02 0.00000000000000000000e+00
-4.36275701295674167568e-04 9.85218774990815115977e-01 0.00000000000000000000e+00 0.00000000000000000000e+00
4.36275701295674167568e-04 9.85218774990815115977e-01 0.00000000000000000000e+00 0.00000000000000000000e+00
4.98932199797233244531e-01 1.85037405692095058285e+00 1.73709872204757476144e-01 -4.88282915583251264646e-01
1.00043627570129567417e+00 -1.47812250091848840228e-02 -9.31284438805796421779e-02 1.47355937623656463309e+00
4.36275701295674167568e-04 9.85218774990815115977e-01 0.00000000000000000000e+00 0.00000000000000000000e+00
2.00043627570129567417e+00 9.85218774990815115977e-01 -7.93008831493548366209e-02 0.00000000000000000000e+00
-5.01504075904062429636e-01 1.84593684857856188408e+00 1.73709872204757476144e-01 4.88282915583251264646e-01
5.01504075904062429636e-01 1.84593684857856188408e+00 -1.73709872204757476144e-01 4.88282915583251264646e-01
0.00000000000000000000e+00 1.71109213050869746198e+00 0.00000000000000000000e+00 0.00000000000000000000e+00
-1.00000000000000000000e+00 2.71109213050869746198e+00 0.00000000000000000000e+00 0.00000000000000000000e+00
1.00000000000000000000e+00 2.71109213050869746198e+00 0.00000000000000000000e+00 0.00000000000000000000e+00


-4.82995656142959362001e-04 9.85214480222193045300e-01 0.00000000000000000000e+00 0.00000000000000000000e+00
-4.98958953147750294832e-01 1.85035818781419747481e+00 -1.72543481558417893806e-01 -4.92305982352896798204e-01
-1.00048299565614295936e+00 -1.47855197778069546999e-02 9.65546739090843986197e-02 1.48283036314286031931e+00
-2.00048299565614318141e+00 9.85214480222193045300e-01 7.48609316819329323467e-02 0.00000000000000000000e+00
-4.82995656142959362001e-04 9.85214480222193045300e-01 0.00000000000000000000e+00 0.00000000000000000000e+00
4.82995656142959362001e-04 9.85214480222193045300e-01 0.00000000000000000000e+00 0.00000000000000000000e+00
4.98958953147750294832e-01 1.85035818781419747481e+00 1.72543481558417893806e-01 -4.92305982352896798204e-01
1.00048299565614295936e+00 -1.47855197778069546999e-02 -9.65546739090843986197e-02 1.48283036314286031931e+00
4.82995656142959362001e-04 9.85214480222193045300e-01 0.00000000000000000000e+00 0.00000000000000000000e+00
2.00048299565614318141e+00 9.85214480222193045300e-01 -7.48609316819329323467e-02 0.00000000000000000000e+00
-5.01524042508392664530e-01 1.84593195045098945606e+00 1.72543481558417893806e-01 4.92305982352896798204e-01
5.01524042508392664530e-01 1.84593195045098945606e+00 -1.72543481558417893806e-01 4.92305982352896798204e-01
0.00000000000000000000e+00 1.71107565804299399659e+00 0.00000000000000000000e+00 0.00000000000000000000e+00
-1.00000000000000000000e+00 2.71107565804299399659e+00 0.00000000000000000000e+00 0.00000000000000000000e+00
1.00000000000000000000e+00 2.71107565804299399659e+00 0.00000000000000000000e+00 0.00000000000000000000e+00


-5.40594296718266420498e-04 9.85118071323688559993e-01 0.00000000000000000000e+00 0.00000000000000000000e+00
-4.98979924310123168496e-01 1.85024054492069200961e+00 -1.72308053522641557720e-01 -4.98342313671958303534e-01
-1.00054059429671826642e+00 -1.48819286763114400074e-02 1.00537815964028776072e-01 1.49649552813498454285e+00
-2.00054059429671848847e+00 9.85118071323688559993e-01 7.12258713544350469116e-02 0.00000000000000000000e+00
-5.40594296718266420498e-04 9.85118071323688559993e-01 0.00000000000000000000e+00 0.00000000000000000000e+00
5.40594296718266420498e-04 9.85118071323688559993e-01 0.00000000000000000000e+00 0.00000000000000000000e+00
4.98979924310123168496e-01 1.85024054492069200961e+00 1.72308053522641557720e-01 -4.98342313671958303534e-01
1.00054059429671826642e+00 -1.48819286763114400074e-02 -1.00537815964028776072e-01 1.49649552813498454285e+00
5.40594296718266420498e-04 9.85118071323688559993e-01 0.00000000000000000000e+00 0.00000000000000000000e+00
2.00054059429671848847e+00 9.85118071323688559993e-01 -7.12258713544350469116e-02 0.00000000000000000000e+00
-5.01560669986595097924e-01 1.84578721877075624391e+00 1.72308053522641557720e-01 4.98342313671958303534e-01
5.01560669986595097924e-01 1.84578721877075624391e+00 -1.72308053522641557720e-01 4.98342313671958303534e-01
0.00000000000000000000e+00 1.71090969236775958251e+00 0.00000000000000000000e+00 0.00000000000000000000e+00
-1.00000000000000000000e+00 2.71090969236775958251e+00 0.00000000000000000000e+00 0.00000000000000000000e+00
1.00000000000000000000e+00 2.71090969236775958251e+00 0.00000000000000000000e+00 0.00000000000000000000e+00


-6.03552253319872278325e-04 9.85002350153121208898e-01 0.00000000000000000000e+00 0.00000000000000000000e+00
-4.99000859403728624919e-01 1.85010045934423406067e+00 -1.71707753094180320952e-01 -5.03083677664425077403e-01
-1.00060355225331987228e+00 -1.49976498468787911023e-02 1.04096706984665207663e-01 1.50712640014707677238e+00
-2.00060355225331987228e+00 9.85002350153121208898e-01 6.76826993894835832188e-02 0.00000000000000000000e+00
-6.03552253319872278325e-04 9.85002350153121208898e-01 0.00000000000000000000e+00 0.00000000000000000000e+00
6.03552253319872278325e-04 9.85002350153121208898e-01 0.00000000000000000000e+00 0.00000000000000000000e+00
4.99000859403728624919e-01 1.85010045934423406067e+00 1.71707753094180320952e-01 -5.03083677664425077403e-01
1.00060355225331987228e+00 -1.49976498468787911023e-02 -1.04096706984665207663e-01 1.50712640014707677238e+00
6.03552253319872278325e-04 9.85002350153121208898e-01 0.00000000000000000000e+00 0.00000000000000000000e+00
2.00060355225331987228e+00 9.85002350153121208898e-01 -6.76826993894835832188e-02 0.00000000000000000000e+00
-5.01602692849591247359e-01 1.84561127315741213550e+00 1.71707753094180320952e-01 5.03083677664425077403e-01
5.01602692849591247359e-01 1.84561127315741213550e+00 -1.71707753094180320952e-01 5.03083677664425077403e-01
0.00000000000000000000e+00 1.71070938234852487625e+00 0.00000000000000000000e+00 0.00000000000000000000e+00
-1.00000000000000000000e+00 2.71070938234852487625e+00 0.00000000000000000000e+00 0.00000000000000000000e+00
1.00000000000000000000e+00 2.71070938234852487625e+00 0.00000000000000000000e+00 0.00000000000000000000e+00


-6.65950589648023338896e-04 9.84924253728991616619e-01 0.00000000000000000000e+00 0.00000000000000000000e+00
-4.99025648000107513447e-01 1.85000055488275361171e+00 -1.70039633890619212853e-01 -5.04894835435799382850e-01
-1.00066595058964802334e+00 -1.50757462710083833812e-02 1.06766059121847792235e-01 1.51109699252488605126e+00
-2.00066595058964802334e+00 9.84924253728991616619e-01 6.37218713231049449508e-02 0.00000000000000000000e+00
-6.65950589648023338896e-04 9.84924253728991616619e-01 0.00000000000000000000e+00 0.00000000000000000000e+00
6.65950589648023338896e-04 9.84924253728991616619e-01 0.00000000000000000000e+00 0.00000000000000000000e+00
4.99025648000107513447e-01 1.85000055488275361171e+00 1.70039633890619212853e-01 -5.04894835435799382850e-01
1.00066595058964802334e+00 -1.50757462710083833812e-02 -1.06766059121847792235e-01 1.51109699252488605126e+00
6.65950589648023338896e-04 9.84924253728991616619e-01 0.00000000000000000000e+00 0.00000000000000000000e+00
2.00066595058964802334e+00 9.84924253728991616619e-01 -6.37218713231049449508e-02 0.00000000000000000000e+00
-5.01640302589540509892e-01 1.84549006364416823267e+00 1.70039633890619212853e-01 5.04894835435799382850e-01
5.01640302589540509892e-01 1.84549006364416823267e+00 -1.70039633890619212853e-01 5.04894835435799382850e-01
0.00000000000000000000e+00 1.71056636479793011674e+00 0.00000000000000000000e+00 0.00000000000000000000e+00
-1.00000000000000000000e+00 2.71056636479793011674e+00 0.00000000000000000000e+00 0.00000000000000000000e+00
1.00000000000000000000e+00 2.71056636479793011674e+00 0.00000000000000000000e+00 0.00000000000000000000e+00


-7.24118766101344846220e-04 9.84905295607084618759e-01 0.00000000000000000000e+00 0.00000000000000000000e+00
-4.99055209766560925466e-01 1.84996500784850592680e+00 -1.67303741395234573108e-01 -5.03965086514825300057e-01
-1.00072411876610134485e+00 -1.50947043929153812414e-02 1.08623295018755464114e-01 1.50889880714203705736e+00
-2.00072411876610134485e+00 9.84905295607084618759e-01 5.91849155916575886405e-02 0.00000000000000000000e+00
-7.24118766101344846220e-04 9.84905295607084618759e-01 0.00000000000000000000e+00 0.00000000000000000000e+00
7.24118766101344846220e-04 9.84905295607084618759e-01 0.00000000000000000000e+00 0.00000000000000000000e+00
4.99055209766560925466e-01 1.84996500784850592680e+00 1.67303741395234573108e-01 -5.03965086514825300057e-01
1.00072411876610134485e+00 -1.50947043929153812414e-02 -1.08623295018755464114e-01 1.50889880714203705736e+00
7.24118766101344846220e-04 9.84905295607084618759e-01 0.00000000000000000000e+00 0.00000000000000000000e+00
2.00072411876610134485e+00 9.84905295607084618759e-01 -5.91849155916575886405e-02 0.00000000000000000000e+00
-5.01668908999540419380e-01 1.84545693705623659042e+00 1.67303741395234573108e-01 5.03965086514825300057e-01
5.01668908999540419380e-01 1.84545693705623659042e+00 -1.67303741395234573108e-01 5.03965086514825300057e-01
0.00000000000000000000e+00 1.71051664929765800949e+00 0.00000000000000000000e+00 0.00000000000000000000e+00
-1.00000000000000000000e+00 2.71051664929765800949e+00 0.00000000000000000000e+00 0.00000000000000000000e+00
1.00000000000000000000e+00 2.71051664929765800949e+00 0.00000000000000000000e+00 0.00000000000000000000e+00


-7.77451333074941075552e-04 9.84933996847189185964e-01 0.00000000000000000000e+00 0.00000000000000000000e+00
-4.99088069957267621568e-01 1.84998183634206903037e+00 -1.63966793647272124357e-01 -5.01615818892418907637e-01
-1.00077745133307494108e+00 -1.50660031528108140364e-02 1.10073331585939071520e-01 1.50355158857040027698e+00
-2.00077745133307516312e+00 9.84933996847189185964e-01 5.42160633484121828873e-02 0.00000000000000000000e+00
-7.77451333074941075552e-04 9.84933996847189185964e-01 0.00000000000000000000e+00 0.00000000000000000000e+00
7.77451333074941075552e-04 9.84933996847189185964e-01 0.00000000000000000000e+00 0.00000000000000000000e+00
4.99088069957267621568e-01 1.84998183634206903037e+00 1.63966793647272124357e-01 -5.01615818892418907637e-01
1.00077745133307494108e+00 -1.50660031528108140364e-02 -1.10073331585939071520e-01 1.50355158857040027698e+00
7.77451333074941075552e-04 9.84933996847189185964e-01 0.00000000000000000000e+00 0.00000000000000000000e+00
2.00077745133307516312e+00 9.84933996847189185964e-01 -5.42160633484121828873e-02 0.00000000000000000000e+00
-5.01689381375807319507e-01 1.84549566292779765320e+00 1.63966793647272124357e-01 5.01615818892418907637e-01
5.01689381375807319507e-01 1.84549566292779765320e+00 -1.63966793647272124357e-01 5.01615818892418907637e-01
0.00000000000000000000e+00 1.71054350242267760862e+00 0.00000000000000000000e+00 0.00000000000000000000e+00
-1.00000000000000000000e+00 2.71054350242267760862e+00 0.00000000000000000000e+00 0.00000000000000000000e+00
1.00000000000000000000e+00 2.71054350242267760862e+00 0.00000000000000000000e+00 0.00000000000000000000e+00


-8.27647050987811994105e-04 9.84981913192862879036e-01 0.00000000000000000000e+00 0.00000000000000000000e+00
-4.99121803182008383359e-01 1.85002020496249031112e+00 -1.60601773992247398581e-01 -4.99346250343529252103e-01
-1.00082764705098781199e+00 -1.50180868071371209638e-02 1.11563251977291111317e-01 1.49844071592190952735e+00
-2.00082764705098803404e+00 9.84981913192862879036e-01 4.90994112218064021613e-02 0.00000000000000000000e+00
-8.27647050987811994105e-04 9.84981913192862879036e-01 0.00000000000000000000e+00 0.00000000000000000000e+00
8.27647050987811994105e-04 9.84981913192862879036e-01 0.00000000000000000000e+00 0.00000000000000000000e+00
4.99121803182008383359e-01 1.85002020496249031112e+00 1.60601773992247398581e-01 -4.99346250343529252103e-01
1.00082764705098781199e+00 -1.50180868071371209638e-02 -1.11563251977291111317e-01 1.49844071592190952735e+00
8.27647050987811994105e-04 9.84981913192862879036e-01 0.00000000000000000000e+00 0.00000000000000000000e+00
2.00082764705098803404e+00 9.84981913192862879036e-01 -4.90994112218064021613e-02 0.00000000000000000000e+00
-5.01705843868979428635e-01 1.84556407909324882155e+00 1.60601773992247398581e-01 4.99346250343529252103e-01
5.01705843868979428635e-01 1.84556407909324882155e+00 -1.60601773992247398581e-01 4.99346250343529252103e-01
0.00000000000000000000e+00 1.71060237086287614261e+00 0.00000000000000000000e+00 0.00000000000000000000e+00
-1.00000000000000000000e+00 2.71060237086287614261e+00 0.00000000000000000000e+00 0.00000000000000000000e+00
1.00000000000000000000e+00 2.71060237086287614261e+00 0.00000000000000000000e+00 0.00000000000000000000e+00


-8.77203914346091906395e-04 9.85021716157164828331e-01 0.00000000000000000000e+00 0.00000000000000000000e+00
-4.99154412583159290406e-01 1.85005017849747543934e+00 -1.57602301361282004510e-01 -4.98120074410618396410e-01
-1.00087720391434609191e+00 -1.49782838428351716686e-02 1.13373478934599036805e-01 1.49571753645042626601e+00
-2.00087720391434586986e+00 9.85021716157164828331e-01 4.40887784605866958620e-02 0.00000000000000000000e+00
-8.77203914346091906395e-04 9.85021716157164828331e-01 0.00000000000000000000e+00 0.00000000000000000000e+00
8.77203914346091906395e-04 9.85021716157164828331e-01 0.00000000000000000000e+00 0.00000000000000000000e+00
4.99154412583159290406e-01 1.85005017849747543934e+00 1.57602301361282004510e-01 -4.98120074410618396410e-01
1.00087720391434609191e+00 -1.49782838428351716686e-02 -1.13373478934599036805e-01 1.49571753645042626601e+00
8.77203914346091906395e-04 9.85021716157164828331e-01 0.00000000000000000000e+00 0.00000000000000000000e+00
2.00087720391434586986e+00 9.85021716157164828331e-01 -4.40887784605866958620e-02 0.00000000000000000000e+00
-5.01722791331186801500e-01 1.84562115201855814206e+00 1.57602301361282004510e-01 4.98120074410618396410e-01
5.01722791331186801500e-01 1.84562115201855814206e+00 -1.57602301361282004510e-01 4.98120074410618396410e-01
0.00000000000000000000e+00 1.71064961435886875307e+00 0.00000000000000000000e+00 0.00000000000000000000e+00
-1.00000000000000000000e+00 2.71064961435886875307e+00 0.00000000000000000000e+00 0.00000000000000000000e+00
1.00000000000000000000e+00 2.71064961435886875307e+00 0.00000000000000000000e+00 0.00000000000000000000e+00


-9.28064772828030015717e-04 9.85038746834473788461e-01 0.00000000000000000000e+00 0.00000000000000000000e+00
-4.99185059295584210304e-01 1.85005548450760270995e+00 -1.55070911988429982475e-01 -4.98123813362370659874e-01
-1.00092806477282803002e+00 -1.49612531655262115393e-02 1.15551073260247771923e-01 1.49577277155909960094e+00
-2.00092806477282803002e+00 9.85038746834473788461e-01 3.93070466275992486116e-02 0.00000000000000000000e+00
-9.28064772828030015717e-04 9.85038746834473788461e-01 0.00000000000000000000e+00 0.00000000000000000000e+00
9.28064772828030015717e-04 9.85038746834473788461e-01 0.00000000000000000000e+00 0.00000000000000000000e+00
4.99185059295584210304e-01 1.85005548450760270995e+00 1.55070911988429982475e-01 -4.98123813362370659874e-01
1.00092806477282803002e+00 -1.49612531655262115393e-02 -1.15551073260247771923e-01 1.49577277155909960094e+00
9.28064772828030015717e-04 9.85038746834473788461e-01 0.00000000000000000000e+00 0.00000000000000000000e+00
2.00092806477282803002e+00 9.85038746834473788461e-01 -3.93070466275992486116e-02 0.00000000000000000000e+00
-5.01743005477243819712e-01 1.84564450520272682610e+00 1.55070911988429982475e-01 4.98123813362370659874e-01
5.01743005477243819712e-01 1.84564450520272682610e+00 -1.55070911988429982475e-01 4.98123813362370659874e-01
0.00000000000000000000e+00 1.71066124287585585861e+00 0.00000000000000000000e+00 0.00000000000000000000e+00
-1.00000000000000000000e+00 2.71066124287585585861e+00 0.00000000000000000000e+00 0.00000000000000000000e+00
1.00000000000000000000e+00 2.71066124287585585861e+00 0.00000000000000000000e+00 0.00000000000000000000e+00


-9.80954902939812356522e-04 9.85033180545331843447e-01 0.00000000000000000000e+00 0.00000000000000000000e+00
-4.99214041494899340989e-01 1.85003605025673811824e+00 -1.52871633221592445606e-01 -4.98944993376706558141e-01
-1.00098095490293981236e+00 -1.49668194546681565527e-02 1.17967085055970546947e-01 1.49765418183592169399e+00
-2.00098095490294003440e+00 9.85033180545331843447e-01 3.47361714047354913637e-02 0.00000000000000000000e+00
-9.80954902939812356522e-04 9.85033180545331843447e-01 0.00000000000000000000e+00 0.00000000000000000000e+00
9.80954902939812356522e-04 9.85033180545331843447e-01 0.00000000000000000000e+00 0.00000000000000000000e+00
4.99214041494899340989e-01 1.85003605025673811824e+00 1.52871633221592445606e-01 -4.98944993376706558141e-01
1.00098095490293981236e+00 -1.49668194546681565527e-02 -1.17967085055970546947e-01 1.49765418183592169399e+00
9.80954902939812356522e-04 9.85033180545331843447e-01 0.00000000000000000000e+00 0.00000000000000000000e+00
2.00098095490294003440e+00 9.85033180545331843447e-01 -3.47361714047354913637e-02 0.00000000000000000000e+00
-5.01766913408040471367e-01 1.84563395121442885838e+00 1.52871633221592445606e-01 4.98944993376706558141e-01
5.01766913408040471367e-01 1.84563395121442885838e+00 -1.52871633221592445606e-01 4.98944993376706558141e-01
0.00000000000000000000e+00 1.71063682092583491112e+00 0.00000000000000000000e+00 0.00000000000000000000e+00
-1.00000000000000000000e+00 2.71063682092583491112e+00 0.00000000000000000000e+00 0.00000000000000000000e+00
1.00000000000000000000e+00 2.71063682092583491112e+00 0.00000000000000000000e+00 0.00000000000000000000e+00


-1.03547176143292674055e-03 9.85014994804774390857e-01 0.00000000000000000000e+00 0.00000000000000000000e+00
-4.99242284208825659597e-01 1.85000262299710538372e+00 -1.50768987585411184948e-01 -4.99952221497441784415e-01
-1.00103547176143292674e+00 -1.49850051952256091425e-02 1.20431588335592601458e-01 1.49993073666420140277e+00
-2.00103547176143292674e+00 9.85014994804774390857e-01 3.02720975750015719452e-02 0.00000000000000000000e+00
-1.03547176143292674055e-03 9.85014994804774390857e-01 0.00000000000000000000e+00 0.00000000000000000000e+00
1.03547176143292674055e-03 9.85014994804774390857e-01 0.00000000000000000000e+00 0.00000000000000000000e+00
4.99242284208825659597e-01 1.85000262299710538372e+00 1.50768987585411184948e-01 -4.99952221497441784415e-01
1.00103547176143292674e+00 -1.49850051952256091425e-02 -1.20431588335592601458e-01 1.49993073666420140277e+00
1.03547176143292674055e-03 9.85014994804774390857e-01 0.00000000000000000000e+00 0.00000000000000000000e+00
2.00103547176143292674e+00 9.85014994804774390857e-01 -3.02720975750015719452e-02 0.00000000000000000000e+00
-5.01793187552607267143e-01 1.84560416121866754935e+00 1.50768987585411184948e-01 4.99952221497441784415e-01
5.01793187552607267143e-01 1.84560416121866754935e+00 -1.50768987585411184948e-01 4.99952221497441784415e-01
0.00000000000000000000e+00 1.71059178941099832016e+00 0.00000000000000000000e+00 0.00000000000000000000e+00
-1.00000000000000000000e+00 2.71059178941099832016e+00 0.00000000000000000000e+00 0.00000000000000000000e+00
1.00000000000000000000e+00 2.71059178941099832016e+00 0.00000000000000000000e+00 0.00000000000000000000e+00


-1.09063720824598142656e-03 9.84996340848060092377e-01 0.00000000000000000000e+00 0.00000000000000000000e+00
-4.99270726295748645818e-01 1.84996846583924923202e+00 -1.48563954968157468928e-01 -5.00643835491390576387e-01
-1.00109063720824598143e+00 -1.50036591519399076233e-02 1.22796917230144311817e-01 1.50147702432698237907e+00
-2.00109063720824575938e+00 9.84996340848060092377e-01 2.57988985740033593963e-02 0.00000000000000000000e+00
-1.09063720824598142656e-03 9.84996340848060092377e-01 0.00000000000000000000e+00 0.00000000000000000000e+00
1.09063720824598142656e-03 9.84996340848060092377e-01 0.00000000000000000000e+00 0.00000000000000000000e+00
4.99270726295748645818e-01 1.84996846583924923202e+00 1.48563954968157468928e-01 -5.00643835491390576387e-01
1.00109063720824598143e+00 -1.50036591519399076233e-02 -1.22796917230144311817e-01 1.50147702432698237907e+00
1.09063720824598142656e-03 9.84996340848060092377e-01 0.00000000000000000000e+00 0.00000000000000000000e+00
2.00109063720824575938e+00 9.84996340848060092377e-01 -2.57988985740033593963e-02 0.00000000000000000000e+00
-5.01819910912497335609e-01 1.84557329940836600812e+00 1.48563954968157468928e-01 5.00643835491390576387e-01
5.01819910912497335609e-01 1.84557329940836600812e+00 -1.48563954968157468928e-01 5.00643835491390576387e-01
0.00000000000000000000e+00 1.71054542439955525879e+00 0.00000000000000000000e+00 0.00000000000000000000e+00
-1.00000000000000000000e+00 2.71054542439955525879e+00 0.00000000000000000000e+00 0.00000000000000000000e+00
1.00000000000000000000e+00 2.71054542439955525879e+00 0.00000000000000000000e+00 0.00000000000000000000e+00


-1.14551658752426455123e-03 9.84985515019954682714e-01 0.00000000000000000000e+00 0.00000000000000000000e+00
-4.99299906206942978315e-01 1.84994272976629225980e+00 -1.46168628796262578540e-01 -5.00823471392814911773e-01
-1.00114551658752426455e+00 -1.50144849800453172861e-02 1.25007985529617782205e-01 1.50186225043671717216e+00
-2.00114551658752404251e+00 9.84985515019954682714e-01 2.12433305385878318239e-02 0.00000000000000000000e+00
-1.14551658752426455123e-03 9.84985515019954682714e-01 0.00000000000000000000e+00 0.00000000000000000000e+00
1.14551658752426455123e-03 9.84985515019954682714e-01 0.00000000000000000000e+00 0.00000000000000000000e+00
4.99299906206942978315e-01 1.84994272976629225980e+00 1.46168628796262578540e-01 -5.00823471392814911773e-01
1.00114551658752426455e+00 -1.50144849800453172861e-02 -1.25007985529617782205e-01 1.50186225043671717216e+00
1.14551658752426455123e-03 9.84985515019954682714e-01 0.00000000000000000000e+00 0.00000000000000000000e+00
2.00114551658752404251e+00 9.84985515019954682714e-01 -2.12433305385878318239e-02 0.00000000000000000000e+00
-5.01845610380581286236e-01 1.84555392995746903040e+00 1.46168628796262578540e-01 5.00823471392814911773e-01
5.01845610380581286236e-01 1.84555392995746903040e+00 -1.46168628796262578540e-01 5.00823471392814911773e-01
0.00000000000000000000e+00 1.71051114470380660748e+00 0.00000000000000000000e+00 0.00000000000000000000e+00
-1.00000000000000000000e+00 2.71051114470380660748e+00 0.00000000000000000000e+00 0.00000000000000000000e+00
1.00000000000000000000e+00 2.71051114470380660748e+00 0.00000000000000000000e+00 0.00000000000000000000e+00


-1.19961205732588283013e-03 9.84984626302419341570e-01 0.00000000000000000000e+00 0.00000000000000000000e+00
-4.99329860755293508667e-01 1.84992783410743832917e+00 -1.43607470066266007525e-01 -5.00583763647834634192e-01
-1.00119961205732588283e+00 -1.50153736975806584297e-02 1.27095407750013711379e-01 1.50130617306391567212e+00
-2.00119961205732588283e+00 9.84984626302419341570e-01 1.65925368944869686127e-02 0.00000000000000000000e+00
-1.19961205732588283013e-03 9.84984626302419341570e-01 0.00000000000000000000e+00 0.00000000000000000000e+00
1.19961205732588283013e-03 9.84984626302419341570e-01 0.00000000000000000000e+00 0.00000000000000000000e+00
4.99329860755293508667e-01 1.84992783410743832917e+00 1.43607470066266007525e-01 -5.00583763647834634192e-01
1.00119961205732588283e+00 -1.50153736975806584297e-02 -1.27095407750013711379e-01 1.50130617306391567212e+00
1.19961205732588283013e-03 9.84984626302419341570e-01 0.00000000000000000000e+00 0.00000000000000000000e+00
2.00119961205732588283e+00 9.84984626302419341570e-01 -1.65925368944869686127e-02 0.00000000000000000000e+00
-5.01869751302032374163e-01 1.84554940521330634873e+00 1.43607470066266007525e-01 5.00583763647834634192e-01
5.01869751302032374163e-01 1.84554940521330634873e+00 -1.43607470066266007525e-01 5.00583763647834634192e-01
0.00000000000000000000e+00 1.71049261301832533633e+00 0.00000000000000000000e+00 0.00000000000000000000e+00
-1.00000000000000000000e+00 2.71049261301832533633e+00 0.00000000000000000000e+00 0.00000000000000000000e+00
1.00000000000000000000e+00 2.71049261301832533633e+00 0.00000000000000000000e+00 0.00000000000000000000e+00


-1.25293393908920691615e-03 9.84990743003434809921e-01 0.00000000000000000000e+00 0.00000000000000000000e+00
-4.99360276566684135879e-01 1.84992065951440021188e+00 -1.40969110672064190659e-01 -5.00169386636492241394e-01
-1.00125293393908920692e+00 -1.50092569965651900787e-02 1.29133522552888985180e-01 1.50036588311874008461e+00
-2.00125293393908920692e+00 9.84990743003434809921e-01 1.18794903122849456606e-02 0.00000000000000000000e+00
-1.25293393908920691615e-03 9.84990743003434809921e-01 0.00000000000000000000e+00 0.00000000000000000000e+00
1.25293393908920691615e-03 9.84990743003434809921e-01 0.00000000000000000000e+00 0.00000000000000000000e+00
4.99360276566684135879e-01 1.84992065951440021188e+00 1.40969110672064190659e-01 -5.00169386636492241394e-01
1.00125293393908920692e+00 -1.50092569965651900787e-02 -1.29133522552888985180e-01 1.50036588311874008461e+00
1.25293393908920691615e-03 9.84990743003434809921e-01 0.00000000000000000000e+00 0.00000000000000000000e+00
2.00125293393908920692e+00 9.84990743003434809921e-01 -1.18794903122849456606e-02 0.00000000000000000000e+00
-5.01892657372405071037e-01 1.84555548007418135370e+00 1.40969110672064190659e-01 5.00169386636492241394e-01
5.01892657372405071037e-01 1.84555548007418135370e+00 -1.40969110672064190659e-01 5.00169386636492241394e-01
0.00000000000000000000e+00 1.71048539658514675565e+00 0.00000000000000000000e+00 0.00000000000000000000e+00
-1.00000000000000000000e+00 2.71048539658514675565e+00 0.00000000000000000000e+00 0.00000000000000000000e+00
1.00000000000000000000e+00 2.71048539658514675565e+00 0.00000000000000000000e+00 0.00000000000000000000e+00


-1.30582649702692954463e-03 9.84998855912325721462e-01 0.00000000000000000000e+00 0.00000000000000000000e+00
-4.99390743780209533931e-01 1.84991575928592189015e+00 -1.38346245353732438810e-01 -4.99819502419433070450e-01
-1.00130582649702692954e+00 -1.50011440876742785377e-02 1.31193352065045842902e-01 1.49958002600041861996e+00
-2.00130582649702670750e+00 9.84998855912325721462e-01 7.15329842403039303789e-03 0.00000000000000000000e+00
-1.30582649702692954463e-03 9.84998855912325721462e-01 0.00000000000000000000e+00 0.00000000000000000000e+00
1.30582649702692954463e-03 9.84998855912325721462e-01 0.00000000000000000000e+00 0.00000000000000000000e+00
4.99390743780209533931e-01 1.84991575928592189015e+00 1.38346245353732438810e-01 -4.99819502419433070450e-01
1.00130582649702692954e+00 -1.50011440876742785377e-02 -1.31193352065045842902e-01 1.49958002600041861996e+00
1.30582649702692954463e-03 9.84998855912325721462e-01 0.00000000000000000000e+00 0.00000000000000000000e+00
2.00130582649702670750e+00 9.84998855912325721462e-01 -7.15329842403039303789e-03 0.00000000000000000000e+00
-5.01915082716817395614e-01 1.84556470226470725748e+00 1.38346245353732438810e-01 4.99819502419433070450e-01
5.01915082716817395614e-01 1.84556470226470725748e+00 -1.38346245353732438810e-01 4.99819502419433070450e-01
0.00000000000000000000e+00 1.71048160563830320413e+00 0.00000000000000000000e+00 0.00000000000000000000e+00
-1.00000000000000000000e+00 2.71048160563830320413e+00 0.00000000000000000000e+00 0.00000000000000000000e+00
1.00000000000000000000e+00 2.71048160563830320413e+00 0.00000000000000000000e+00 0.00000000000000000000e+00


-1.35870617693867323794e-03 9.85004758098090738017e-01 0.00000000000000000000e+00 0.00000000000000000000e+00
-4.99420967128499371235e-01 1.84990851350613638715e+00 -1.35793823808348645965e-01 -4.99665241727784370518e-01
-1.00135870617693867324e+00 -1.49952419019092619834e-02 1.33312716285211851908e-01 1.49923992496888747183e+00
-2.00135870617693889528e+00 9.85004758098090738017e-01 2.45238511543490259048e-03 0.00000000000000000000e+00
-1.35870617693867323794e-03 9.85004758098090738017e-01 0.00000000000000000000e+00 0.00000000000000000000e+00
1.35870617693867323794e-03 9.85004758098090738017e-01 0.00000000000000000000e+00 0.00000000000000000000e+00
4.99420967128499371235e-01 1.84990851350613638715e+00 1.35793823808348645965e-01 -4.99665241727784370518e-01
1.00135870617693867324e+00 -1.49952419019092619834e-02 -1.33312716285211851908e-01 1.49923992496888747183e+00
1.35870617693867323794e-03 9.85004758098090738017e-01 0.00000000000000000000e+00 0.00000000000000000000e+00
2.00135870617693889528e+00 9.85004758098090738017e-01 -2.45238511543490259048e-03 0.00000000000000000000e+00
-5.01937739048439302003e-01 1.84557073551332573302e+00 1.35793823808348645965e-01 4.99665241727784370518e-01
5.01937739048439302003e-01 1.84557073551332573302e+00 -1.35793823808348645965e-01 4.99665241727784370518e-01
0.00000000000000000000e+00 1.71047449092137160420e+00 0.00000000000000000000e+00 0.00000000000000000000e+00
-1.00000000000000000000e+00 2.71047449092137160420e+00 0.00000000000000000000e+00 0.00000000000000000000e+00
1.00000000000000000000e+00 2.71047449092137160420e+00 0.00000000000000000000e+00 0.00000000000000000000e+00


-1.41185576896418751858e-03 9.85006612606512677033e-01 0.00000000000000000000e+00 0.00000000000000000000e+00
-4.99450856506796325718e-01 1.84989686877762116168e+00 -1.33317678466939149029e-01 -4.99708571113965993593e-01
-1.00141185576896418752e+00 -1.49933873934873229672e-02 1.35490817550303704886e-01 1.49934508095087726254e+00
-2.00141185576896418752e+00 9.85006612606512677033e-01 -2.20870858274177647371e-03 0.00000000000000000000e+00
-1.41185576896418751858e-03 9.85006612606512677033e-01 0.00000000000000000000e+00 0.00000000000000000000e+00
1.41185576896418751858e-03 9.85006612606512677033e-01 0.00000000000000000000e+00 0.00000000000000000000e+00
4.99450856506796325718e-01 1.84989686877762116168e+00 1.33317678466939149029e-01 -4.99708571113965993593e-01
1.00141185576896418752e+00 -1.49933873934873229672e-02 -1.35490817550303704886e-01 1.49934508095087726254e+00
1.41185576896418751858e-03 9.85006612606512677033e-01 0.00000000000000000000e+00 0.00000000000000000000e+00
2.00141185576896418752e+00 9.85006612606512677033e-01 2.20870858274177647371e-03 0.00000000000000000000e+00
-5.01960999262167861801e-01 1.84557075161572914368e+00 1.33317678466939149029e-01 4.99708571113965993593e-01
5.01960999262167861801e-01 1.84557075161572914368e+00 -1.33317678466939149029e-01 4.99708571113965993593e-01
0.00000000000000000000e+00 1.71046100778683785038e+00 0.00000000000000000000e+00 0.00000000000000000000e+00
-1.00000000000000000000e+00 2.71046100778683785038e+00 0.00000000000000000000e+00 0.00000000000000000000e+00
1.00000000000000000000e+00 2.71046100778683785038e+00 0.00000000000000000000e+00 0.00000000000000000000e+00


-1.45502656763607518542e-03 9.85004710822509066404e-01 0.00000000000000000000e+00 0.00000000000000000000e+00
-4.99474123075953846396e-01 1.84988341476293705057e+00 -1.32780879740367063757e-01 -5.00147438027268687044e-01
-1.00145502656763607519e+00 -1.49952891774909335965e-02 1.36148701298684227101e-01 1.49978851437704130412e+00
-2.00145502656763607519e+00 9.85004710822509066404e-01 0.00000000000000000000e+00 0.00000000000000000000e+00
-1.45502656763607518542e-03 9.85004710822509066404e-01 0.00000000000000000000e+00 0.00000000000000000000e+00
1.45502656763607518542e-03 9.85004710822509066404e-01 0.00000000000000000000e+00 0.00000000000000000000e+00
4.99474123075953846396e-01 1.84988341476293705057e+00 1.32780879740367063757e-01 -5.00147438027268687044e-01
1.00145502656763607519e+00 -1.49952891774909335965e-02 -1.36148701298684227101e-01 1.49978851437704130412e+00
1.45502656763607518542e-03 9.85004710822509066404e-01 0.00000000000000000000e+00 0.00000000000000000000e+00
2.00145502656763607519e+00 9.85004710822509066404e-01 0.00000000000000000000e+00 0.00000000000000000000e+00
-5.01980903491682228790e-01 1.84556379141126125631e+00 1.32780879740367063757e-01 5.00147438027268687044e-01
5.01980903491682228790e-01 1.84556379141126125631e+00 -1.32780879740367063757e-01 5.00147438027268687044e-01
0.00000000000000000000e+00 1.71044249535168901843e+00 0.00000000000000000000e+00 0.00000000000000000000e+00
-1.00000000000000000000e+00 2.71044249535168901843e+00 0.00000000000000000000e+00 0.00000000000000000000e+00
1.00000000000000000000e+00 2.71044249535168901843e+00 0.00000000000000000000e+00 0.00000000000000000000e+00


-1.46717568836107759012e-03 9.84999653632562921501e-01 0.00000000000000000000e+00 0.00000000000000000000e+00
-4.99479235285906986164e-01 1.84987427326855513599e+00 -1.33753930372550622341e-01 -5.00446881986705172096e-01
-1.00146717568836107759e+00 -1.50003463674370784986e-02 1.35563699481880184372e-01 1.50044179490956097744e+00
-2.00146717568836107759e+00 9.84999653632562921501e-01 0.00000000000000000000e+00 0.00000000000000000000e+00
-1.46717568836107759012e-03 9.84999653632562921501e-01 0.00000000000000000000e+00 0.00000000000000000000e+00
1.46717568836107759012e-03 9.84999653632562921501e-01 0.00000000000000000000e+00 0.00000000000000000000e+00
4.99479235285906986164e-01 1.84987427326855513599e+00 1.33753930372550622341e-01 -5.00446881986705172096e-01
1.00146717568836107759e+00 -1.50003463674370784986e-02 -1.35563699481880184372e-01 1.50044179490956097744e+00
1.46717568836107759012e-03 9.84999653632562921501e-01 0.00000000000000000000e+00 0.00000000000000000000e+00
2.00146717568836107759e+00 9.84999653632562921501e-01 0.00000000000000000000e+00 0.00000000000000000000e+00
-5.01987940402454091426e-01 1.84555195632121460392e+00 1.33753930372550622341e-01 5.00446881986705172096e-01
5.01987940402454091426e-01 1.84555195632121460392e+00 -1.33753930372550622341e-01 5.00446881986705172096e-01
0.00000000000000000000e+00 1.71042657595720681840e+00 0.00000000000000000000e+00 0.00000000000000000000e+00
-1.00000000000000000000e+00 2.71042657595720681840e+00 0.00000000000000000000e+00 0.00000000000000000000e+00
1.00000000000000000000e+00 2.71042657595720681840e+00 0.00000000000000000000e+00 0.00000000000000000000e+00


-1.46128312372839630484e-03 9.84994588818775995698e-01 0.00000000000000000000e+00 0.00000000000000000000e+00
-4.99474975611521432306e-01 1.84987015620998174192e+00 -1.34586864691405183603e-01 -5.00443327987377895028e-01
-1.00146128312372839630e+00 -1.50054111812240043022e-02 1.34893539775112064616e-01 1.50080869300786745590e+00
-2.00146128312372839630e+00 9.84994588818775995698e-01 0.00000000000000000000e+00 0.00000000000000000000e+00
-1.46128312372839630484e-03 9.84994588818775995698e-01 0.00000000000000000000e+00 0.00000000000000000000e+00
1.46128312372839630484e-03 9.84994588818775995698e-01 0.00000000000000000000e+00 0.00000000000000000000e+00
4.99474975611521432306e-01 1.84987015620998174192e+00 1.34586864691405183603e-01 -5.00443327987377895028e-01
1.00146128312372839630e+00 -1.50054111812240043022e-02 -1.34893539775112064616e-01 1.50080869300786745590e+00
1.46128312372839630484e-03 9.84994588818775995698e-01 0.00000000000000000000e+00 0.00000000000000000000e+00
2.00146128312372839630e+00 9.84994588818775995698e-01 0.00000000000000000000e+00 0.00000000000000000000e+00
-5.01986307512206963999e-01 1.84554353922355884876e+00 1.34586864691405183603e-01 5.00443327987377895028e-01
5.01986307512206963999e-01 1.84554353922355884876e+00 -1.34586864691405183603e-01 5.00443327987377895028e-01
0.00000000000000000000e+00 1.71041910661476448396e+00 0.00000000000000000000e+00 0.00000000000000000000e+00
-1.00000000000000000000e+00 2.71041910661476448396e+00 0.00000000000000000000e+00 0.00000000000000000000e+00
1.00000000000000000000e+00 2.71041910661476448396e+00 0.00000000000000000000e+00 0.00000000000000000000e+00


-1.45172944302318640553e-03 9.84992910264809062859e-01 0.00000000000000000000e+00 0.00000000000000000000e+00
-4.99469605606407629494e-01 1.84987090590840308479e+00 -1.34902306548354999904e-01 -5.00270216725132610414e-01
-1.00145172944302318641e+00 -1.50070897351909371409e-02 1.34507708557395661009e-01 1.50068177538900804358e+00
-2.00145172944302318641e+00 9.84992910264809062859e-01 0.00000000000000000000e+00 0.00000000000000000000e+00
-1.45172944302318640553e-03 9.84992910264809062859e-01 0.00000000000000000000e+00 0.00000000000000000000e+00
1.45172944302318640553e-03 9.84992910264809062859e-01 0.00000000000000000000e+00 0.00000000000000000000e+00
4.99469605606407629494e-01 1.84987090590840308479e+00 1.34902306548354999904e-01 -5.00270216725132610414e-01
1.00145172944302318641e+00 -1.50070897351909371409e-02 -1.34507708557395661009e-01 1.50068177538900804358e+00
1.45172944302318640553e-03 9.84992910264809062859e-01 0.00000000000000000000e+00 0.00000000000000000000e+00
2.00145172944302318641e+00 9.84992910264809062859e-01 0.00000000000000000000e+00 0.00000000000000000000e+00
-5.01982123836615556911e-01 1.84554220778330657637e+00 1.34902306548354999904e-01 5.00270216725132610414e-01
5.01982123836615556911e-01 1.84554220778330657637e+00 -1.34902306548354999904e-01 5.00270216725132610414e-01
0.00000000000000000000e+00 1.71042020342690070933e+00 0.00000000000000000000e+00 0.00000000000000000000e+00
-1.00000000000000000000e+00 2.71042020342690070933e+00 0.00000000000000000000e+00 0.00000000000000000000e+00
1.00000000000000000000e+00 2.71042020342690070933e+00 0.00000000000000000000e+00 0.00000000000000000000e+00


-1.44560014221917221278e-03 9.84995106595128566696e-01 0.00000000000000000000e+00 0.00000000000000000000e+00
-4.99466702793269434757e-01 1.84987497490999031058e+00 -1.34843346147144799163e-01 -5.00050381342537431095e-01
-1.00144560014221917221e+00 -1.50048934048714333045e-02 1.34403430407814078462e-01 1.50023976155740212945e+00
-2.00144560014221895017e+00 9.84995106595128566696e-01 0.00000000000000000000e+00 0.00000000000000000000e+00
-1.44560014221917221278e-03 9.84995106595128566696e-01 0.00000000000000000000e+00 0.00000000000000000000e+00
1.44560014221917221278e-03 9.84995106595128566696e-01 0.00000000000000000000e+00 0.00000000000000000000e+00
4.99466702793269434757e-01 1.84987497490999031058e+00 1.34843346147144799163e-01 -5.00050381342537431095e-01
1.00144560014221917221e+00 -1.50048934048714333045e-02 -1.34403430407814078462e-01 1.50023976155740212945e+00
1.44560014221917221278e-03 9.84995106595128566696e-01 0.00000000000000000000e+00 0.00000000000000000000e+00
2.00144560014221895017e+00 9.84995106595128566696e-01 0.00000000000000000000e+00 0.00000000000000000000e+00
-5.01978897348949737456e-01 1.84554671923516888654e+00 1.34843346147144799163e-01 5.00050381342537431095e-01
5.01978897348949737456e-01 1.84554671923516888654e+00 -1.34843346147144799163e-01 5.00050381342537431095e-01
0.00000000000000000000e+00 1.71042658755003085247e+00 0.00000000000000000000e+00 0.00000000000000000000e+00
-1.00000000000000000000e+00 2.71042658755003085247e+00 0.00000000000000000000e+00 0.00000000000000000000e+00
1.00000000000000000000e+00 2.71042658755003085247e+00 0.00000000000000000000e+00 0.00000000000000000000e+00


-1.44365189444028985122e-03 9.84999135285103966098e-01 0.00000000000000000000e+00 0.00000000000000000000e+00
-4.99466242191364484526e-01 1.84987986703243012521e+00 -1.34668464854741432024e-01 -4.99879072629153431429e-01
-1.00144365189444028985e+00 -1.50008647148960339024e-02 1.34439071310418850613e-01 1.49980039909543649834e+00
-2.00144365189444028985e+00 9.84999135285103966098e-01 0.00000000000000000000e+00 0.00000000000000000000e+00
-1.44365189444028985122e-03 9.84999135285103966098e-01 0.00000000000000000000e+00 0.00000000000000000000e+00
1.44365189444028985122e-03 9.84999135285103966098e-01 0.00000000000000000000e+00 0.00000000000000000000e+00
4.99466242191364484526e-01 1.84987986703243012521e+00 1.34668464854741432024e-01 -4.99879072629153431429e-01
1.00144365189444028985e+00 -1.50008647148960339024e-02 -1.34439071310418850613e-01 1.49980039909543649834e+00
1.44365189444028985122e-03 9.84999135285103966098e-01 0.00000000000000000000e+00 0.00000000000000000000e+00
2.00144365189444028985e+00 9.84999135285103966098e-01 0.00000000000000000000e+00 0.00000000000000000000e+00
-5.01977409703075805325e-01 1.84555329162942172161e+00 1.34668464854741432024e-01 4.99879072629153431429e-01
5.01977409703075805325e-01 1.84555329162942172161e+00 -1.34668464854741432024e-01 4.99879072629153431429e-01
0.00000000000000000000e+00 1.71043402337674788072e+00 0.00000000000000000000e+00 0.00000000000000000000e+00
-1.00000000000000000000e+00 2.71043402337674788072e+00 0.00000000000000000000e+00 0.00000000000000000000e+00
1.00000000000000000000e+00 2.71043402337674788072e+00 0.00000000000000000000e+00 0.00000000000000000000e+00


-1.44400623648577308700e-03 9.85002462897154207333e-01 0.00000000000000000000e+00 0.00000000000000000000e+00
-4.99466872272090967044e-01 1.84988335468335396428e+00 -1.34545216530060407489e-01 -4.99809252190379749159e-01
-1.00144400623648577309e+00 -1.49975371028457926670e-02 1.34501216414168345281e-01 1.49958397377837271414e+00
-2.00144400623648577309e+00 9.85002462897154207333e-01 0.00000000000000000000e+00 0.00000000000000000000e+00
-1.44400623648577308700e-03 9.85002462897154207333e-01 0.00000000000000000000e+00 0.00000000000000000000e+00
1.44400623648577308700e-03 9.85002462897154207333e-01 0.00000000000000000000e+00 0.00000000000000000000e+00
4.99466872272090967044e-01 1.84988335468335396428e+00 1.34545216530060407489e-01 -4.99809252190379749159e-01
1.00144400623648577309e+00 -1.49975371028457926670e-02 -1.34501216414168345281e-01 1.49958397377837271414e+00
1.44400623648577308700e-03 9.85002462897154207333e-01 0.00000000000000000000e+00 0.00000000000000000000e+00
2.00144400623648577309e+00 9.85002462897154207333e-01 0.00000000000000000000e+00 0.00000000000000000000e+00
-5.01977133964394806043e-01 1.84555829836302009994e+00 1.34545216530060407489e-01 4.99809252190379749159e-01
5.01977133964394806043e-01 1.84555829836302009994e+00 -1.34545216530060407489e-01 4.99809252190379749159e-01
0.00000000000000000000e+00 1.71043919014921996791e+00 0.00000000000000000000e+00 0.00000000000000000000e+00
-1.00000000000000000000e+00 2.71043919014921996791e+00 0.00000000000000000000e+00 0.00000000000000000000e+00
1.00000000000000000000e+00 2.71043919014921996791e+00 0.00000000000000000000e+00 0.00000000000000000000e+00


-1.44488377992635363967e-03 9.85003667633585044960e-01 0.00000000000000000000e+00 0.00000000000000000000e+00
-4.99467492059535111970e-01 1.84988440981807422681e+00 -1.34515392144059081625e-01 -4.99839812642364766937e-01
-1.00144488377992635364e+00 -1.49963323664149550396e-02 1.34547201095916363345e-01 1.49962653737195750203e+00
-2.00144488377992635364e+00 9.85003667633585044960e-01 0.00000000000000000000e+00 0.00000000000000000000e+00
-1.44488377992635363967e-03 9.85003667633585044960e-01 0.00000000000000000000e+00 0.00000000000000000000e+00
1.44488377992635363967e-03 9.85003667633585044960e-01 0.00000000000000000000e+00 0.00000000000000000000e+00
4.99467492059535111970e-01 1.84988440981807422681e+00 1.34515392144059081625e-01 -4.99839812642364766937e-01
1.00144488377992635364e+00 -1.49963323664149550396e-02 -1.34547201095916363345e-01 1.49962653737195750203e+00
1.44488377992635363967e-03 9.85003667633585044960e-01 0.00000000000000000000e+00 0.00000000000000000000e+00
2.00144488377992635364e+00 9.85003667633585044960e-01 0.00000000000000000000e+00 0.00000000000000000000e+00
-5.01977391720391241670e-01 1.84555996736647554002e+00 1.34515392144059081625e-01 4.99839812642364766937e-01
5.01977391720391241670e-01 1.84555996736647554002e+00 -1.34515392144059081625e-01 4.99839812642364766937e-01
0.00000000000000000000e+00 1.71044070955096483289e+00 0.00000000000000000000e+00 0.00000000000000000000e+00
-1.00000000000000000000e+00 2.71044070955096483289e+00 0.00000000000000000000e+00 0.00000000000000000000e+00
1.00000000000000000000e+00 2.71044070955096483289e+00 0.00000000000000000000e+00 0.00000000000000000000e+00


-1.44550385436414963181e-03 9.85002829876050367552e-01 0.00000000000000000000e+00 0.00000000000000000000e+00
-4.99467719529371190212e-01 1.84988334419243316553e+00 -1.34545276558737381123e-01 -4.99927805687916115840e-01
-1.00144550385436414963e+00 -1.49971701239496324476e-02 1.34577011942047630733e-01 1.49982530961210325238e+00
-2.00144550385436392759e+00 9.85002829876050367552e-01 0.00000000000000000000e+00 0.00000000000000000000e+00
-1.44550385436414963181e-03 9.85002829876050367552e-01 0.00000000000000000000e+00 0.00000000000000000000e+00
1.44550385436414963181e-03 9.85002829876050367552e-01 0.00000000000000000000e+00 0.00000000000000000000e+00
4.99467719529371190212e-01 1.84988334419243316553e+00 1.34545276558737381123e-01 -4.99927805687916115840e-01
1.00144550385436414963e+00 -1.49971701239496324476e-02 -1.34577011942047630733e-01 1.49982530961210325238e+00
1.44550385436414963181e-03 9.85002829876050367552e-01 0.00000000000000000000e+00 0.00000000000000000000e+00
2.00144550385436392759e+00 9.85002829876050367552e-01 0.00000000000000000000e+00 0.00000000000000000000e+00
-5.01977784324992959419e-01 1.84555862041526319572e+00 1.34545276558737381123e-01 4.99927805687916115840e-01
5.01977784324992959419e-01 1.84555862041526319572e+00 -1.34545276558737381123e-01 4.99927805687916115840e-01
0.00000000000000000000e+00 1.71043913473164588268e+00 0.00000000000000000000e+00 0.00000000000000000000e+00
-1.00000000000000000000e+00 2.71043913473164588268e+00 0.00000000000000000000e+00 0.00000000000000000000e+00
1.00000000000000000000e+00 2.71043913473164588268e+00 0.00000000000000000000e+00 0.00000000000000000000e+00


-1.44582292409367596520e-03 9.85000987576226116893e-01 0.00000000000000000000e+00 0.00000000000000000000e+00
-4.99467666957757128188e-01 1.84988128619137914832e+00 -1.34586280822920789646e-01 -5.00018099744873545376e-01
-1.00144582292409367597e+00 -1.49990124237738831070e-02 1.34598375546856829921e-01 1.50003764572493603069e+00
-2.00144582292409367597e+00 9.85000987576226116893e-01 0.00000000000000000000e+00 0.00000000000000000000e+00
-1.44582292409367596520e-03 9.85000987576226116893e-01 0.00000000000000000000e+00 0.00000000000000000000e+00
1.44582292409367596520e-03 9.85000987576226116893e-01 0.00000000000000000000e+00 0.00000000000000000000e+00
4.99467666957757128188e-01 1.84988128619137914832e+00 1.34586280822920789646e-01 -5.00018099744873545376e-01
1.00144582292409367597e+00 -1.49990124237738831070e-02 -1.34598375546856829921e-01 1.50003764572493603069e+00
1.44582292409367596520e-03 9.85000987576226116893e-01 0.00000000000000000000e+00 0.00000000000000000000e+00
2.00144582292409367597e+00 9.85000987576226116893e-01 0.00000000000000000000e+00 0.00000000000000000000e+00
-5.01978155966336547777e-01 1.84555583844042869757e+00 1.34586280822920789646e-01 5.00018099744873545376e-01
5.01978155966336547777e-01 1.84555583844042869757e+00 -1.34586280822920789646e-01 5.00018099744873545376e-01
0.00000000000000000000e+00 1.71043613705558161797e+00 0.00000000000000000000e+00 0.00000000000000000000e+00
-1.00000000000000000000e+00 2.71043613705558161797e+00 0.00000000000000000000e+00 0.00000000000000000000e+00
1.00000000000000000000e+00 2.71043613705558161797e+00 0.00000000000000000000e+00 0.00000000000000000000e+00


-1.44601244373898651929e-03 9.84999306992836443087e-01 0.00000000000000000000e+00 0.00000000000000000000e+00
-4.99467565745016717216e-01 1.84987943686629918716e+00 -1.34609264174768428202e-01 -5.00071316805716592491e-01
-1.00144601244373898652e+00 -1.50006930071635569135e-02 1.34612337363479162011e-01 1.50016287035690987217e+00
-2.00144601244373898652e+00 9.84999306992836443087e-01 0.00000000000000000000e+00 0.00000000000000000000e+00
-1.44601244373898651929e-03 9.84999306992836443087e-01 0.00000000000000000000e+00 0.00000000000000000000e+00
1.44601244373898651929e-03 9.84999306992836443087e-01 0.00000000000000000000e+00 0.00000000000000000000e+00
4.99467565745016717216e-01 1.84987943686629918716e+00 1.34609264174768428202e-01 -5.00071316805716592491e-01
1.00144601244373898652e+00 -1.50006930071635569135e-02 -1.34612337363479162011e-01 1.50016287035690987217e+00
1.44601244373898651929e-03 9.84999306992836443087e-01 0.00000000000000000000e+00 0.00000000000000000000e+00
2.00144601244373898652e+00 9.84999306992836443087e-01 0.00000000000000000000e+00 0.00000000000000000000e+00
-5.01978446698722269304e-01 1.84555332189631426942e+00 1.34609264174768428202e-01 5.00071316805716592491e-01
5.01978446698722269304e-01 1.84555332189631426942e+00 -1.34609264174768428202e-01 5.00071316805716592491e-01
0.00000000000000000000e+00 1.71043345176977723554e+00 0.00000000000000000000e+00 0.00000000000000000000e+00
-1.00000000000000000000e+00 2.71043345176977723554e+00 0.00000000000000000000e+00 0.00000000000000000000e+00
1.00000000000000000000e+00 2.71043345176977723554e+00 0.00000000000000000000e+00 0.00000000000000000000e+00


-1.44616098183458774429e-03 9.84998489385113695782e-01 0.00000000000000000000e+00 0.00000000000000000000e+00
-4.99467544566506660431e-01 1.84987852075464020984e+00 -1.34609793172223157764e-01 -5.00076545301529562515e-01
-1.00144616098183458774e+00 -1.50015106148863042179e-02 1.34615864952284336464e-01 1.50017430067791135428e+00
-2.00144616098183458774e+00 9.84998489385113695782e-01 0.00000000000000000000e+00 0.00000000000000000000e+00
-1.44616098183458774429e-03 9.84998489385113695782e-01 0.00000000000000000000e+00 0.00000000000000000000e+00
1.44616098183458774429e-03 9.84998489385113695782e-01 0.00000000000000000000e+00 0.00000000000000000000e+00
4.99467544566506660431e-01 1.84987852075464020984e+00 1.34609793172223157764e-01 -5.00076545301529562515e-01
1.00144616098183458774e+00 -1.50015106148863042179e-02 -1.34615864952284336464e-01 1.50017430067791135428e+00
1.44616098183458774429e-03 9.84998489385113695782e-01 0.00000000000000000000e+00 0.00000000000000000000e+00
2.00144616098183458774e+00 9.84998489385113695782e-01 0.00000000000000000000e+00 0.00000000000000000000e+00
-5.01978616415327927314e-01 1.84555208508766188658e+00 1.34609793172223157764e-01 5.00076545301529562515e-01
5.01978616415327927314e-01 1.84555208508766188658e+00 -1.34609793172223157764e-01 5.00076545301529562515e-01
0.00000000000000000000e+00 1.71043211645718828962e+00 0.00000000000000000000e+00 0.00000000000000000000e+00
-1.00000000000000000000e+00 2.71043211645718828962e+00 0.00000000000000000000e+00 0.00000000000000000000e+00
1.00000000000000000000e+00 2.71043211645718828962e+00 0.00000000000000000000e+00 0.00000000000000000000e+00


-1.44624709427021436170e-03 9.84998608734994562930e-01 0.00000000000000000000e+00 0.00000000000000000000e+00
-4.99467600303653447291e-01 1.84987862247462375720e+00 -1.34597730247537850090e-01 -5.00047233756509168501e-01
-1.00144624709427021436e+00 -1.50013912650054370701e-02 1.34608503540318807934e-01 1.50010546075782880138e+00
-2.00144624709426999232e+00 9.84998608734994562930e-01 0.00000000000000000000e+00 0.00000000000000000000e+00
-1.44624709427021436170e-03 9.84998608734994562930e-01 0.00000000000000000000e+00 0.00000000000000000000e+00
1.44624709427021436170e-03 9.84998608734994562930e-01 0.00000000000000000000e+00 0.00000000000000000000e+00
4.99467600303653447291e-01 1.84987862247462375720e+00 1.34597730247537850090e-01 -5.00047233756509168501e-01
1.00144624709427021436e+00 -1.50013912650054370701e-02 -1.34608503540318807934e-01 1.50010546075782880138e+00
1.44624709427021436170e-03 9.84998608734994562930e-01 0.00000000000000000000e+00 0.00000000000000000000e+00
2.00144624709426999232e+00 9.84998608734994562930e-01 0.00000000000000000000e+00 0.00000000000000000000e+00
-5.01978646790616767071e-01 1.84555223706631998937e+00 1.34597730247537850090e-01 5.00047233756509168501e-01
5.01978646790616767071e-01 1.84555223706631998937e+00 -1.34597730247537850090e-01 5.00047233756509168501e-01
0.00000000000000000000e+00 1.71043225080594929466e+00 0.00000000000000000000e+00 0.00000000000000000000e+00
-1.00000000000000000000e+00 2.71043225080594929466e+00 0.00000000000000000000e+00 0.00000000000000000000e+00
1.00000000000000000000e+00 2.71043225080594929466e+00 0.00000000000000000000e+00 0.00000000000000000000e+00


-1.44623030194357404810e-03 9.84999295694629628528e-01 0.00000000000000000000e+00 0.00000000000000000000e+00
-4.99467668916021012571e-01 1.84987935900336353257e+00 -1.34584947636467000542e-01 -5.00007435213764672710e-01
-1.00144623030194357405e+00 -1.50007043053703714719e-02 1.34594792537178903347e-01 1.50001395818522875736e+00
-2.00144623030194335200e+00 9.84999295694629628528e-01 0.00000000000000000000e+00 0.00000000000000000000e+00
-1.44623030194357404810e-03 9.84999295694629628528e-01 0.00000000000000000000e+00 0.00000000000000000000e+00
1.44623030194357404810e-03 9.84999295694629628528e-01 0.00000000000000000000e+00 0.00000000000000000000e+00
4.99467668916021012571e-01 1.84987935900336353257e+00 1.34584947636467000542e-01 -5.00007435213764672710e-01
1.00144623030194357405e+00 -1.50007043053703714719e-02 -1.34594792537178903347e-01 1.50001395818522875736e+00
1.44623030194357404810e-03 9.84999295694629628528e-01 0.00000000000000000000e+00 0.00000000000000000000e+00
2.00144623030194335200e+00 9.84999295694629628528e-01 0.00000000000000000000e+00 0.00000000000000000000e+00
-5.01978561385922561477e-01 1.84555324206998427883e+00 1.34584947636467000542e-01 5.00007435213764672710e-01
5.01978561385922561477e-01 1.84555324206998427883e+00 -1.34584947636467000542e-01 5.00007435213764672710e-01
0.00000000000000000000e+00 1.71043330537871840491e+00 0.00000000000000000000e+00 0.00000000000000000000e+00
-1.00000000000000000000e+00 2.71043330537871840491e+00 0.00000000000000000000e+00 0.00000000000000000000e+00
1.00000000000000000000e+00 2.71043330537871840491e+00 0.00000000000000000000e+00 0.00000000000000000000e+00


-1.44612021990142558536e-03 9.85000056449446437234e-01 0.00000000000000000000e+00 0.00000000000000000000e+00
-4.99467698578701435608e-01 1.84988020086635329697e+00 -1.34578306729281726994e-01 -4.99977797220521269494e-01
-1.00144612021990142559e+00 -1.49999435505535627655e-02 1.34581738956308011312e-01 1.49994751865212339048e+00
-2.00144612021990120354e+00 9.85000056449446437234e-01 0.00000000000000000000e+00 0.00000000000000000000e+00
-1.44612021990142558536e-03 9.85000056449446437234e-01 0.00000000000000000000e+00 0.00000000000000000000e+00
1.44612021990142558536e-03 9.85000056449446437234e-01 0.00000000000000000000e+00 0.00000000000000000000e+00
4.99467698578701435608e-01 1.84988020086635329697e+00 1.34578306729281726994e-01 -4.99977797220521269494e-01
1.00144612021990142559e+00 -1.49999435505535627655e-02 -1.34581738956308011312e-01 1.49994751865212339048e+00
1.44612021990142558536e-03 9.85000056449446437234e-01 0.00000000000000000000e+00 0.00000000000000000000e+00
2.00144612021990120354e+00 9.85000056449446437234e-01 0.00000000000000000000e+00 0.00000000000000000000e+00
-5.01978421641199989978e-01 1.84555437500083208135e+00 1.34578306729281726994e-01 4.99977797220521269494e-01
5.01978421641199989978e-01 1.84555437500083208135e+00 -1.34578306729281726994e-01 4.99977797220521269494e-01
0.00000000000000000000e+00 1.71043451941773883007e+00 0.00000000000000000000e+00 0.00000000000000000000e+00
-1.00000000000000000000e+00 2.71043451941773883007e+00 0.00000000000000000000e+00 0.00000000000000000000e+00
1.00000000000000000000e+00 2.71043451941773883007e+00 0.00000000000000000000e+00 0.00000000000000000000e+00


-1.44597725806772103851e-03 9.85000534234536928579e-01 0.00000000000000000000e+00 0.00000000000000000000e+00
-4.99467679688538890304e-01 1.84988075066291468573e+00 -1.34578599210764732197e-01 -4.99967681005667352601e-01
-1.00144597725806772104e+00 -1.49994657654630714205e-02 1.34574730212450255351e-01 1.49992645909233912604e+00
-2.00144597725806772104e+00 9.85000534234536928579e-01 0.00000000000000000000e+00 0.00000000000000000000e+00
-1.44597725806772103851e-03 9.85000534234536928579e-01 0.00000000000000000000e+00 0.00000000000000000000e+00
1.44597725806772103851e-03 9.85000534234536928579e-01 0.00000000000000000000e+00 0.00000000000000000000e+00
4.99467679688538890304e-01 1.84988075066291468573e+00 1.34578599210764732197e-01 -4.99967681005667352601e-01
1.00144597725806772104e+00 -1.49994657654630714205e-02 -1.34574730212450255351e-01 1.49992645909233912604e+00
1.44597725806772103851e-03 9.85000534234536928579e-01 0.00000000000000000000e+00 0.00000000000000000000e+00
2.00144597725806772104e+00 9.85000534234536928579e-01 0.00000000000000000000e+00 0.00000000000000000000e+00
-5.01978297569528830735e-01 1.84555510252001386817e+00 1.34578599210764732197e-01 4.99967681005667352601e-01
5.01978297569528830735e-01 1.84555510252001386817e+00 -1.34578599210764732197e-01 4.99967681005667352601e-01
0.00000000000000000000e+00 1.71043531894839162533e+00 0.00000000000000000000e+00 0.00000000000000000000e+00
-1.00000000000000000000e+00 2.71043531894839162533e+00 0.00000000000000000000e+00 0.00000000000000000000e+00
1.00000000000000000000e+00 2.71043531894839162533e+00 0.00000000000000000000e+00 0.00000000000000000000e+00


-1.44587061490608626002e-03 9.85000618262909632961e-01 0.00000000000000000000e+00 0.00000000000000000000e+00
-4.99467635159185796567e-01 1.84988087074226958961e+00 -1.34582921859750875848e-01 -4.99974865859304562488e-01
-1.00144587061490608626e+00 -1.49993817370903670394e-02 1.34575129150499822606e-01 1.49994436006817100093e+00
-2.00144587061490586422e+00 9.85000618262909632961e-01 0.00000000000000000000e+00 0.00000000000000000000e+00
-1.44587061490608626002e-03 9.85000618262909632961e-01 0.00000000000000000000e+00 0.00000000000000000000e+00
1.44587061490608626002e-03 9.85000618262909632961e-01 0.00000000000000000000e+00 0.00000000000000000000e+00
4.99467635159185796567e-01 1.84988087074226958961e+00 1.34582921859750875848e-01 -4.99974865859304562488e-01
1.00144587061490608626e+00 -1.49993817370903670394e-02 -1.34575129150499822606e-01 1.49994436006817100093e+00
1.44587061490608626002e-03 9.85000618262909632961e-01 0.00000000000000000000e+00 0.00000000000000000000e+00
2.00144587061490586422e+00 9.85000618262909632961e-01 0.00000000000000000000e+00 0.00000000000000000000e+00
-5.01978235455720289693e-01 1.84555524885994826079e+00 1.34582921859750875848e-01 4.99974865859304562488e-01
5.01978235455720289693e-01 1.84555524885994826079e+00 -1.34582921859750875848e-01 4.99974865859304562488e-01
0.00000000000000000000e+00 1.71043550133930821744e+00 0.00000000000000000000e+00 0.00000000000000000000e+00
-1.00000000000000000000e+00 2.71043550133930821744e+00 0.00000000000000000000e+00 0.00000000000000000000e+00
1.00000000000000000000e+00 2.71043550133930821744e+00 0.00000000000000000000e+00 0.00000000000000000000e+00


-1.44583806072140497179e-03 9.85000406803594796834e-01 0.00000000000000000000e+00 0.00000000000000000000e+00
-4.99467595307528933191e-01 1.84988065504748711021e+00 -1.34587672963711824092e-01 -4.99990411415347391078e-01
-1.00144583806072140497e+00 -1.49995931964052031660e-02 1.34580596306165395371e-01 1.49998013682134434532e+00
-2.00144583806072162702e+00 9.85000406803594796834e-01 0.00000000000000000000e+00 0.00000000000000000000e+00
-1.44583806072140497179e-03 9.85000406803594796834e-01 0.00000000000000000000e+00 0.00000000000000000000e+00
1.44583806072140497179e-03 9.85000406803594796834e-01 0.00000000000000000000e+00 0.00000000000000000000e+00
4.99467595307528933191e-01 1.84988065504748711021e+00 1.34587672963711824092e-01 -4.99990411415347391078e-01
1.00144583806072140497e+00 -1.49995931964052031660e-02 -1.34580596306165395371e-01 1.49998013682134434532e+00
1.44583806072140497179e-03 9.85000406803594796834e-01 0.00000000000000000000e+00 0.00000000000000000000e+00
2.00144583806072162702e+00 9.85000406803594796834e-01 0.00000000000000000000e+00 0.00000000000000000000e+00
-5.01978242753192471781e-01 1.84555494921534846142e+00 1.34587672963711824092e-01 4.99990411415347391078e-01
5.01978242753192471781e-01 1.84555494921534846142e+00 -1.34587672963711824092e-01 4.99990411415347391078e-01
0.00000000000000000000e+00 1.71043519745924088582e+00 0.00000000000000000000e+00 0.00000000000000000000e+00
-1.00000000000000000000e+00 2.71043519745924088582e+00 0.00000000000000000000e+00 0.00000000000000000000e+00
1.00000000000000000000e+00 2.71043519745924088582e+00 0.00000000000000000000e+00 0.00000000000000000000e+00


-1.44587343273716584235e-03 9.85000092239209812384e-01 0.00000000000000000000e+00 0.00000000000000000000e+00
-4.99467578460590644340e-01 1.84988031017511378451e+00 -1.34590507653999214011e-01 -5.00004798456861521139e-01
-1.00144587343273716584e+00 -1.49999077607901876164e-02 1.34587205373804502662e-01 1.50001223921479542867e+00
-2.00144587343273716584e+00 9.85000092239209812384e-01 0.00000000000000000000e+00 0.00000000000000000000e+00
-1.44587343273716584235e-03 9.85000092239209812384e-01 0.00000000000000000000e+00 0.00000000000000000000e+00
1.44587343273716584235e-03 9.85000092239209812384e-01 0.00000000000000000000e+00 0.00000000000000000000e+00
4.99467578460590644340e-01 1.84988031017511378451e+00 1.34590507653999214011e-01 -5.00004798456861521139e-01
1.00144587343273716584e+00 -1.49999077607901876164e-02 -1.34587205373804502662e-01 1.50001223921479542867e+00
1.44587343273716584235e-03 9.85000092239209812384e-01 0.00000000000000000000e+00 0.00000000000000000000e+00
2.00144587343273716584e+00 9.85000092239209812384e-01 0.00000000000000000000e+00 0.00000000000000000000e+00
-5.01978294972146521502e-01 1.84555448472389471704e+00 1.34590507653999214011e-01 5.00004798456861521139e-01
5.01978294972146521502e-01 1.84555448472389471704e+00 -1.34590507653999214011e-01 5.00004798456861521139e-01
0.00000000000000000000e+00 1.71043470265979857814e+00 0.00000000000000000000e+00 0.00000000000000000000e+00
-1.00000000000000000000e+00 2.71043470265979857814e+00 0.00000000000000000000e+00 0.00000000000000000000e+00
1.00000000000000000000e+00 2.71043470265979857814e+00 0.00000000000000000000e+00 0.00000000000000000000e+00


-1.44594112720008993733e-03 9.84999845396267614817e-01 0.00000000000000000000e+00 0.00000000000000000000e+00
-4.99467585480923514929e-01 1.84988002811677620940e+00 -1.34590871001668832552e-01 -5.00012236358201356268e-01
-1.00144594112720008994e+00 -1.50001546037323851834e-02 1.34591720019203581193e-01 1.50002810736118452617e+00
-2.00144594112720008994e+00 9.84999845396267614817e-01 0.00000000000000000000e+00 0.00000000000000000000e+00
-1.44594112720008993733e-03 9.84999845396267614817e-01 0.00000000000000000000e+00 0.00000000000000000000e+00
1.44594112720008993733e-03 9.84999845396267614817e-01 0.00000000000000000000e+00 0.00000000000000000000e+00
4.99467585480923514929e-01 1.84988002811677620940e+00 1.34590871001668832552e-01 -5.00012236358201356268e-01
1.00144594112720008994e+00 -1.50001546037323851834e-02 -1.34591720019203581193e-01 1.50002810736118452617e+00
1.44594112720008993733e-03 9.84999845396267614817e-01 0.00000000000000000000e+00 0.00000000000000000000e+00
2.00144594112720008994e+00 9.84999845396267614817e-01 0.00000000000000000000e+00 0.00000000000000000000e+00
-5.01978355646276575008e-01 1.84555411131716495809e+00 1.34590871001668832552e-01 5.00012236358201356268e-01
5.01978355646276575008e-01 1.84555411131716495809e+00 -1.34590871001668832552e-01 5.00012236358201356268e-01
0.00000000000000000000e+00 1.71043429403767355268e+00 0.00000000000000000000e+00 0.00000000000000000000e+00
-1.00000000000000000000e+00 2.71043429403767355268e+00 0.00000000000000000000e+00 0.00000000000000000000e+00
1.00000000000000000000e+00 2.71043429403767355268e+00 0.00000000000000000000e+00 0.00000000000000000000e+00


-1.44600144604267732973e-03 9.84999749314816264167e-01 0.00000000000000000000e+00 0.00000000000000000000e+00
-4.99467605393693392379e-01 1.84987990858355022539e+00 -1.34589519576132660150e-01 -5.00011892502964960805e-01
-1.00144600144604267733e+00 -1.50002506851837358326e-02 1.34592850203671371423e-01 1.50002647746824568920e+00
-2.00144600144604289937e+00 9.84999749314816264167e-01 0.00000000000000000000e+00 0.00000000000000000000e+00
-1.44600144604267732973e-03 9.84999749314816264167e-01 0.00000000000000000000e+00 0.00000000000000000000e+00
1.44600144604267732973e-03 9.84999749314816264167e-01 0.00000000000000000000e+00 0.00000000000000000000e+00
4.99467605393693392379e-01 1.84987990858355022539e+00 1.34589519576132660150e-01 -5.00011892502964960805e-01
1.00144600144604267733e+00 -1.50002506851837358326e-02 -1.34592850203671371423e-01 1.50002647746824568920e+00
1.44600144604267732973e-03 9.84999749314816264167e-01 0.00000000000000000000e+00 0.00000000000000000000e+00
2.00144600144604289937e+00 9.84999749314816264167e-01 0.00000000000000000000e+00 0.00000000000000000000e+00
-5.01978396052349284950e-01 1.84555395827052048929e+00 1.34589519576132660150e-01 5.00011892502964960805e-01
5.01978396052349284950e-01 1.84555395827052048929e+00 -1.34589519576132660150e-01 5.00011892502964960805e-01
0.00000000000000000000e+00 1.71043411753925456154e+00 0.00000000000000000000e+00 0.00000000000000000000e+00
-1.00000000000000000000e+00 2.71043411753925456154e+00 0.00000000000000000000e+00 0.00000000000000000000e+00
1.00000000000000000000e+00 2.71043411753925456154e+00 0.00000000000000000000e+00 0.00000000000000000000e+00


-1.44603027794465432976e-03 9.84999793720455874002e-01 0.00000000000000000000e+00 0.00000000000000000000e+00
-4.99467624834146528556e-01 1.84987994753837181605e+00 -1.34587675112932014798e-01 -5.00006563057876163292e-01
-1.00144603027794465433e+00 -1.50002062795441259979e-02 1.34591211238234281788e-01 1.50001403744957428898e+00
-2.00144603027794465433e+00 9.84999793720455874002e-01 0.00000000000000000000e+00 0.00000000000000000000e+00
-1.44603027794465432976e-03 9.84999793720455874002e-01 0.00000000000000000000e+00 0.00000000000000000000e+00
1.44603027794465432976e-03 9.84999793720455874002e-01 0.00000000000000000000e+00 0.00000000000000000000e+00
4.99467624834146528556e-01 1.84987994753837181605e+00 1.34587675112932014798e-01 -5.00006563057876163292e-01
1.00144603027794465433e+00 -1.50002062795441259979e-02 -1.34591211238234281788e-01 1.50001403744957428898e+00
1.44603027794465432976e-03 9.84999793720455874002e-01 0.00000000000000000000e+00 0.00000000000000000000e+00
2.00144603027794465433e+00 9.84999793720455874002e-01 0.00000000000000000000e+00 0.00000000000000000000e+00
-5.01978405443798125773e-01 1.84555401603326418858e+00 1.34587675112932014798e-01 5.00006563057876163292e-01
5.01978405443798125773e-01 1.84555401603326418858e+00 -1.34587675112932014798e-01 5.00006563057876163292e-01
0.00000000000000000000e+00 1.71043416985118001961e+00 0.00000000000000000000e+00 0.00000000000000000000e+00
-1.00000000000000000000e+00 2.71043416985118001961e+00 0.00000000000000000000e+00 0.00000000000000000000e+00
1.00000000000000000000e+00 2.71043416985118001961e+00 0.00000000000000000000e+00 0.00000000000000000000e+00


-1.44602519985181920958e-03 9.84999911503206426744e-01 0.00000000000000000000e+00 0.00000000000000000000e+00
-4.99467635187488268045e-01 1.84988007427756184775e+00 -1.34586319003249577086e-01 -5.00000233698273510718e-01
-1.00144602519985181921e+00 -1.50000884967935732561e-02 1.34588429867415010355e-01 1.49999982406473519880e+00
-2.00144602519985159716e+00 9.84999911503206426744e-01 0.00000000000000000000e+00 0.00000000000000000000e+00
-1.44602519985181920958e-03 9.84999911503206426744e-01 0.00000000000000000000e+00 0.00000000000000000000e+00
1.44602519985181920958e-03 9.84999911503206426744e-01 0.00000000000000000000e+00 0.00000000000000000000e+00
4.99467635187488268045e-01 1.84988007427756184775e+00 1.34586319003249577086e-01 -5.00000233698273510718e-01
1.00144602519985181921e+00 -1.50000884967935732561e-02 -1.34588429867415010355e-01 1.49999982406473519880e+00
1.44602519985181920958e-03 9.84999911503206426744e-01 0.00000000000000000000e+00 0.00000000000000000000e+00
2.00144602519985159716e+00 9.84999911503206426744e-01 0.00000000000000000000e+00 0.00000000000000000000e+00
-5.01978390012363551165e-01 1.84555418784322289305e+00 1.34586319003249577086e-01 5.00000233698273510718e-01
5.01978390012363551165e-01 1.84555418784322289305e+00 -1.34586319003249577086e-01 5.00000233698273510718e-01
0.00000000000000000000e+00 1.71043435061757831406e+00 0.00000000000000000000e+00 0.00000000000000000000e+00
-1.00000000000000000000e+00 2.71043435061757831406e+00 0.00000000000000000000e+00 0.00000000000000000000e+00
1.00000000000000000000e+00 2.71043435061757831406e+00 0.00000000000000000000e+00 0.00000000000000000000e+00


-1.44599955940361013518e-03 9.85000027031458391669e-01 0.00000000000000000000e+00 0.00000000000000000000e+00
-4.99467634900978785240e-01 1.84988020452129608984e+00 -1.34585862909061271253e-01 -4.99995961059059579323e-01
-1.00144599955940361014e+00 -1.49999729685416083313e-02 1.34586091697876580886e-01 1.49999054085845906492e+00
-2.00144599955940361014e+00 9.85000027031458391669e-01 0.00000000000000000000e+00 0.00000000000000000000e+00
-1.44599955940361013518e-03 9.85000027031458391669e-01 0.00000000000000000000e+00 0.00000000000000000000e+00
1.44599955940361013518e-03 9.85000027031458391669e-01 0.00000000000000000000e+00 0.00000000000000000000e+00
4.99467634900978785240e-01 1.84988020452129608984e+00 1.34585862909061271253e-01 -4.99995961059059579323e-01
1.00144599955940361014e+00 -1.49999729685416083313e-02 -1.34586091697876580886e-01 1.49999054085845906492e+00
1.44599955940361013518e-03 9.85000027031458391669e-01 0.00000000000000000000e+00 0.00000000000000000000e+00
2.00144599955940361014e+00 9.85000027031458391669e-01 0.00000000000000000000e+00 0.00000000000000000000e+00
-5.01978364658424824896e-01 1.84555436107474379881e+00 1.34585862909061271253e-01 4.99995961059059579323e-01
5.01978364658424824896e-01 1.84555436107474379881e+00 -1.34585862909061271253e-01 4.99995961059059579323e-01
0.00000000000000000000e+00 1.71043453856458160800e+00 0.00000000000000000000e+00 0.00000000000000000000e+00
-1.00000000000000000000e+00 2.71043453856458160800e+00 0.00000000000000000000e+00 0.00000000000000000000e+00
1.00000000000000000000e+00 2.71043453856458160800e+00 0.00000000000000000000e+00 0.00000000000000000000e+00


-1.44597133255230936300e-03 9.85000091518314246919e-01 0.00000000000000000000e+00 0.00000000000000000000e+00
-4.99467627714413331397e-01 1.84988028121998016040e+00 -1.34586183814638299383e-01 -4.99994876866247717206e-01
-1.00144597133255230936e+00 -1.49999084816857530811e-02 1.34585058944655139301e-01 1.49998848376805282712e+00
-2.00144597133255253141e+00 9.85000091518314246919e-01 0.00000000000000000000e+00 0.00000000000000000000e+00
-1.44597133255230936300e-03 9.85000091518314246919e-01 0.00000000000000000000e+00 0.00000000000000000000e+00
1.44597133255230936300e-03 9.85000091518314246919e-01 0.00000000000000000000e+00 0.00000000000000000000e+00
4.99467627714413331397e-01 1.84988028121998016040e+00 1.34586183814638299383e-01 -4.99994876866247717206e-01
1.00144597133255230936e+00 -1.49999084816857530811e-02 -1.34585058944655139301e-01 1.49998848376805282712e+00
1.44597133255230936300e-03 9.85000091518314246919e-01 0.00000000000000000000e+00 0.00000000000000000000e+00
2.00144597133255253141e+00 9.85000091518314246919e-01 0.00000000000000000000e+00 0.00000000000000000000e+00
-5.01978343618138977966e-01 1.84555446096335362682e+00 1.34586183814638299383e-01 4.99994876866247717206e-01
5.01978343618138977966e-01 1.84555446096335362682e+00 -1.34586183814638299383e-01 4.99994876866247717206e-01
0.00000000000000000000e+00 1.71043465066501942928e+00 0.00000000000000000000e+00 0.00000000000000000000e+00
-1.00000000000000000000e+00 2.71043465066501942928e+00 0.00000000000000000000e+00 0.00000000000000000000e+00
1.00000000000000000000e+00 2.71043465066501942928e+00 0.00000000000000000000e+00 0.00000000000000000000e+00


-1.44595363058641623866e-03 9.85000094747917054328e-01 0.00000000000000000000e+00 0.00000000000000000000e+00
-4.99467619135119833551e-01 1.84988028974440177343e+00 -1.34586870360526078549e-01 -4.99996358907629168122e-01
-1.00144595363058641624e+00 -1.49999052520829456725e-02 1.34585337222124012957e-01 1.49999206603413393069e+00
-2.00144595363058641624e+00 9.85000094747917054328e-01 0.00000000000000000000e+00 0.00000000000000000000e+00
-1.44595363058641623866e-03 9.85000094747917054328e-01 0.00000000000000000000e+00 0.00000000000000000000e+00
1.44595363058641623866e-03 9.85000094747917054328e-01 0.00000000000000000000e+00 0.00000000000000000000e+00
4.99467619135119833551e-01 1.84988028974440177343e+00 1.34586870360526078549e-01 -4.99996358907629168122e-01
1.00144595363058641624e+00 -1.49999052520829456725e-02 -1.34585337222124012957e-01 1.49999206603413393069e+00
1.44595363058641623866e-03 9.85000094747917054328e-01 0.00000000000000000000e+00 0.00000000000000000000e+00
2.00144595363058641624e+00 9.85000094747917054328e-01 0.00000000000000000000e+00 0.00000000000000000000e+00
-5.01978334495466582688e-01 1.84555446972077330514e+00 1.34586870360526078549e-01 4.99996358907629168122e-01
5.01978334495466582688e-01 1.84555446972077330514e+00 -1.34586870360526078549e-01 4.99996358907629168122e-01
0.00000000000000000000e+00 1.71043466471725791322e+00 0.00000000000000000000e+00 0.00000000000000000000e+00
-1.00000000000000000000e+00 2.71043466471725791322e+00 0.00000000000000000000e+00 0.00000000000000000000e+00
1.00000000000000000000e+00 2.71043466471725791322e+00 0.00000000000000000000e+00 0.00000000000000000000e+00


-1.44595057476082367032e-03 9.85000056257125833348e-01 0.00000000000000000000e+00 0.00000000000000000000e+00
-4.99467613383663189275e-01 1.84988024968906050738e+00 -1.34587500494214362678e-01 -4.99998896512786616952e-01
-1.00144595057476082367e+00 -1.49999437428741666523e-02 1.34586362836112083397e-01 1.49999782622164823387e+00
-2.00144595057476060163e+00 9.85000056257125833348e-01 0.00000000000000000000e+00 0.00000000000000000000e+00
-1.44595057476082367032e-03 9.85000056257125833348e-01 0.00000000000000000000e+00 0.00000000000000000000e+00
1.44595057476082367032e-03 9.85000056257125833348e-01 0.00000000000000000000e+00 0.00000000000000000000e+00
4.99467613383663189275e-01 1.84988024968906050738e+00 1.34587500494214362678e-01 -4.99998896512786616952e-01
1.00144595057476082367e+00 -1.49999437428741666523e-02 -1.34586362836112083397e-01 1.49999782622164823387e+00
1.44595057476082367032e-03 9.85000056257125833348e-01 0.00000000000000000000e+00 0.00000000000000000000e+00
2.00144595057476060163e+00 9.85000056257125833348e-01 0.00000000000000000000e+00 0.00000000000000000000e+00
-5.01978337191097634395e-01 1.84555441469567771406e+00 1.34587500494214362678e-01 4.99998896512786616952e-01
5.01978337191097634395e-01 1.84555441469567771406e+00 -1.34587500494214362678e-01 4.99998896512786616952e-01
0.00000000000000000000e+00 1.71043460812761249912e+00 0.00000000000000000000e+00 0.00000000000000000000e+00
-1.00000000000000000000e+00 2.71043460812761249912e+00 0.00000000000000000000e+00 0.00000000000000000000e+00
1.00000000000000000000e+00 2.71043460812761249912e+00 0.00000000000000000000e+00 0.00000000000000000000e+00


-1.44595853547335728706e-03 9.85000006789990223410e-01 0.00000000000000000000e+00 0.00000000000000000000e+00
-4.99467611990916271481e-01 1.84988019479315668470e+00 -1.34587824176978787527e-01 -5.00001041709694504789e-01
-1.00144595853547335729e+00 -1.49999932100097765897e-02 1.34587440485573445192e-01 1.50000255204496002470e+00
-2.00144595853547357933e+00 9.85000006789990223410e-01 0.00000000000000000000e+00 0.00000000000000000000e+00
-1.44595853547335728706e-03 9.85000006789990223410e-01 0.00000000000000000000e+00 0.00000000000000000000e+00
1.44595853547335728706e-03 9.85000006789990223410e-01 0.00000000000000000000e+00 0.00000000000000000000e+00
4.99467611990916271481e-01 1.84988019479315668470e+00 1.34587824176978787527e-01 -5.00001041709694504789e-01
1.00144595853547335729e+00 -1.49999932100097765897e-02 -1.34587440485573445192e-01 1.50000255204496002470e+00
1.44595853547335728706e-03 9.85000006789990223410e-01 0.00000000000000000000e+00 0.00000000000000000000e+00
2.00144595853547357933e+00 9.85000006789990223410e-01 0.00000000000000000000e+00 0.00000000000000000000e+00
-5.01978346544557085807e-01 1.84555434123805306434e+00 1.34587824176978787527e-01 5.00001041709694504789e-01
5.01978346544557085807e-01 1.84555434123805306434e+00 -1.34587824176978787527e-01 5.00001041709694504789e-01
0.00000000000000000000e+00 1.71043452924121952563e+00 0.00000000000000000000e+00 0.00000000000000000000e+00
-1.00000000000000000000e+00 2.71043452924121952563e+00 0.00000000000000000000e+00 0.00000000000000000000e+00
1.00000000000000000000e+00 2.71043452924121952563e+00 0.00000000000000000000e+00 0.00000000000000000000e+00


-1.44597034355542497508e-03 9.84999971294496456942e-01 0.00000000000000000000e+00 0.00000000000000000000e+00
-4.99467614066560705588e-01 1.84988015364893487735e+00 -1.34587809110063183482e-01 -5.00002008746179504861e-01
-1.00144597034355542498e+00 -1.50000287055035430583e-02 1.34588088778029635328e-01 1.50000457140198206751e+00
-2.00144597034355520293e+00 9.84999971294496456942e-01 0.00000000000000000000e+00 0.00000000000000000000e+00
-1.44597034355542497508e-03 9.84999971294496456942e-01 0.00000000000000000000e+00 0.00000000000000000000e+00
1.44597034355542497508e-03 9.84999971294496456942e-01 0.00000000000000000000e+00 0.00000000000000000000e+00
4.99467614066560705588e-01 1.84988015364893487735e+00 1.34587809110063183482e-01 -5.00002008746179504861e-01
1.00144597034355542498e+00 -1.50000287055035430583e-02 -1.34588088778029635328e-01 1.50000457140198206751e+00
1.44597034355542497508e-03 9.84999971294496456942e-01 0.00000000000000000000e+00 0.00000000000000000000e+00
2.00144597034355520293e+00 9.84999971294496456942e-01 0.00000000000000000000e+00 0.00000000000000000000e+00
-5.01978356276994719387e-01 1.84555428711911817530e+00 1.34587809110063183482e-01 5.00002008746179504861e-01
5.01978356276994719387e-01 1.84555428711911817530e+00 -1.34587809110063183482e-01 5.00002008746179504861e-01
0.00000000000000000000e+00 1.71043446947355670673e+00 0.00000000000000000000e+00 0.00000000000000000000e+00
-1.00000000000000000000e+00 2.71043446947355670673e+00 0.00000000000000000000e+00 0.00000000000000000000e+00
1.00000000000000000000e+00 2.71043446947355670673e+00 0.00000000000000000000e+00 0.00000000000000000000e+00


-1.44597960432735206382e-03 9.84999960213444492041e-01 0.00000000000000000000e+00 0.00000000000000000000e+00
-4.99467617525646390142e-01 1.84988013920057148276e+00 -1.34587578630028348314e-01 -5.00001784992546882691e-01
-1.00144597960432735206e+00 -1.50000397865555079591e-02 1.34588175103825868906e-01 1.50000394268864800651e+00
-2.00144597960432735206e+00 9.84999960213444492041e-01 0.00000000000000000000e+00 0.00000000000000000000e+00
-1.44597960432735206382e-03 9.84999960213444492041e-01 0.00000000000000000000e+00 0.00000000000000000000e+00
1.44597960432735206382e-03 9.84999960213444492041e-01 0.00000000000000000000e+00 0.00000000000000000000e+00
4.99467617525646390142e-01 1.84988013920057148276e+00 1.34587578630028348314e-01 -5.00001784992546882691e-01
1.00144597960432735206e+00 -1.50000397865555079591e-02 -1.34588175103825868906e-01 1.50000394268864800651e+00
1.44597960432735206382e-03 9.84999960213444492041e-01 0.00000000000000000000e+00 0.00000000000000000000e+00
2.00144597960432735206e+00 9.84999960213444492041e-01 0.00000000000000000000e+00 0.00000000000000000000e+00
-5.01978362078680961922e-01 1.84555426893295160262e+00 1.34587578630028348314e-01 5.00001784992546882691e-01
5.01978362078680961922e-01 1.84555426893295160262e+00 -1.34587578630028348314e-01 5.00001784992546882691e-01
0.00000000000000000000e+00 1.71043444792007859334e+00 0.00000000000000000000e+00 0.00000000000000000000e+00
-1.00000000000000000000e+00 2.71043444792007859334e+00 0.00000000000000000000e+00 0.00000000000000000000e+00
1.00000000000000000000e+00 2.71043444792007859334e+00 0.00000000000000000000e+00 0.00000000000000000000e+00


-1.44598319889599480348e-03 9.84999969963452071120e-01 0.00000000000000000000e+00 0.00000000000000000000e+00
-4.99467620403374557014e-01 1.84988014853452309438e+00 -1.34587305397055906342e-01 -5.00000872545518615375e-01
-1.00144598319889599480e+00 -1.50000300365479288800e-02 1.34587853789955025352e-01 1.50000183896922512083e+00
-2.00144598319889599480e+00 9.84999969963452071120e-01 0.00000000000000000000e+00 0.00000000000000000000e+00
-1.44598319889599480348e-03 9.84999969963452071120e-01 0.00000000000000000000e+00 0.00000000000000000000e+00
1.44598319889599480348e-03 9.84999969963452071120e-01 0.00000000000000000000e+00 0.00000000000000000000e+00
4.99467620403374557014e-01 1.84988014853452309438e+00 1.34587305397055906342e-01 -5.00000872545518615375e-01
1.00144598319889599480e+00 -1.50000300365479288800e-02 -1.34587853789955025352e-01 1.50000183896922512083e+00
1.44598319889599480348e-03 9.84999969963452071120e-01 0.00000000000000000000e+00 0.00000000000000000000e+00
2.00144598319889599480e+00 9.84999969963452071120e-01 0.00000000000000000000e+00 0.00000000000000000000e+00
-5.01978362795521437789e-01 1.84555428221347961326e+00 1.34587305397055906342e-01 5.00000872545518615375e-01
5.01978362795521437789e-01 1.84555428221347961326e+00 -1.34587305397055906342e-01 5.00000872545518615375e-01
0.00000000000000000000e+00 1.71043446078455074755e+00 0.00000000000000000000e+00 0.00000000000000000000e+00
-1.00000000000000000000e+00 2.71043446078455074755e+00 0.00000000000000000000e+00 0.00000000000000000000e+00
1.00000000000000000000e+00 2.71043446078455074755e+00 0.00000000000000000000e+00 0.00000000000000000000e+00


-1.44598151161545729337e-03 9.84999989258369623712e-01 0.00000000000000000000e+00 0.00000000000000000000e+00
-4.99467621660550920026e-01 1.84988016953841016843e+00 -1.34587120917982805413e-01 -4.99999897387282676853e-01
-1.00144598151161545729e+00 -1.50000107416303762875e-02 1.34587401744107243440e-01 1.49999966496422332263e+00
-2.00144598151161545729e+00 9.84999989258369623712e-01 0.00000000000000000000e+00 0.00000000000000000000e+00
-1.44598151161545729337e-03 9.84999989258369623712e-01 0.00000000000000000000e+00 0.00000000000000000000e+00
1.44598151161545729337e-03 9.84999989258369623712e-01 0.00000000000000000000e+00 0.00000000000000000000e+00
4.99467621660550920026e-01 1.84988016953841016843e+00 1.34587120917982805413e-01 -4.99999897387282676853e-01
1.00144598151161545729e+00 -1.50000107416303762875e-02 -1.34587401744107243440e-01 1.49999966496422332263e+00
1.44598151161545729337e-03 9.84999989258369623712e-01 0.00000000000000000000e+00 0.00000000000000000000e+00
2.00144598151161545729e+00 9.84999989258369623712e-01 0.00000000000000000000e+00 0.00000000000000000000e+00
-5.01978359851064537267e-01 1.84555431053465612834e+00 1.34587120917982805413e-01 4.99999897387282676853e-01
5.01978359851064537267e-01 1.84555431053465612834e+00 -1.34587120917982805413e-01 4.99999897387282676853e-01
0.00000000000000000000e+00 1.71043449081469667306e+00 0.00000000000000000000e+00 0.00000000000000000000e+00
-1.00000000000000000000e+00 2.71043449081469667306e+00 0.00000000000000000000e+00 0.00000000000000000000e+00
1.00000000000000000000e+00 2.71043449081469667306e+00 0.00000000000000000000e+00 0.00000000000000000000e+00


-1.44597706775284606806e-03 9.85000006573588882119e-01 0.00000000000000000000e+00 0.00000000000000000000e+00
-4.99467621311628140468e-01 1.84988018923034136520e+00 -1.34587073667554985024e-01 -4.99999298826422411413e-01
-1.00144597706775284607e+00 -1.49999934264111178805e-02 1.34587057562433165536e-01 1.49999837619212916806e+00
-2.00144597706775284607e+00 9.85000006573588882119e-01 0.00000000000000000000e+00 0.00000000000000000000e+00
-1.44597706775284606806e-03 9.85000006573588882119e-01 0.00000000000000000000e+00 0.00000000000000000000e+00
1.44597706775284606806e-03 9.85000006573588882119e-01 0.00000000000000000000e+00 0.00000000000000000000e+00
4.99467621311628140468e-01 1.84988018923034136520e+00 1.34587073667554985024e-01 -4.99999298826422411413e-01
1.00144597706775284607e+00 -1.49999934264111178805e-02 -1.34587057562433165536e-01 1.49999837619212916806e+00
1.44597706775284606806e-03 9.85000006573588882119e-01 0.00000000000000000000e+00 0.00000000000000000000e+00
2.00144597706775284607e+00 9.85000006573588882119e-01 0.00000000000000000000e+00 0.00000000000000000000e+00
-5.01978355756124705600e-01 1.84555433662949686102e+00 1.34587073667554985024e-01 4.99999298826422411413e-01
5.01978355756124705600e-01 1.84555433662949686102e+00 -1.34587073667554985024e-01 4.99999298826422411413e-01
0.00000000000000000000e+00 1.71043451928624934411e+00 0.00000000000000000000e+00 0.00000000000000000000e+00
-1.00000000000000000000e+00 2.71043451928624934411e+00 0.00000000000000000000e+00 0.00000000000000000000e+00
1.00000000000000000000e+00 2.71043451928624934411e+00 0.00000000000000000000e+00 0.00000000000000000000e+00


-1.44597271551760719888e-03 9.85000015164986586491e-01 0.00000000000000000000e+00 0.00000000000000000000e+00
-4.99467620056013195118e-01 1.84988019961902416810e+00 -1.34587136885238073392e-01 -4.99999204913637085301e-01
-1.00144597271551760720e+00 -1.49999848350134135089e-02 1.34586932127826991445e-01 1.49999822287331330273e+00
-2.00144597271551738515e+00 9.85000015164986586491e-01 0.00000000000000000000e+00 0.00000000000000000000e+00
-1.44597271551760719888e-03 9.85000015164986586491e-01 0.00000000000000000000e+00 0.00000000000000000000e+00
1.44597271551760719888e-03 9.85000015164986586491e-01 0.00000000000000000000e+00 0.00000000000000000000e+00
4.99467620056013195118e-01 1.84988019961902416810e+00 1.34587136885238073392e-01 -4.99999204913637085301e-01
1.00144597271551760720e+00 -1.49999848350134135089e-02 -1.34586932127826991445e-01 1.49999822287331330273e+00
1.44597271551760719888e-03 9.85000015164986586491e-01 0.00000000000000000000e+00 0.00000000000000000000e+00
2.00144597271551738515e+00 9.85000015164986586491e-01 0.00000000000000000000e+00 0.00000000000000000000e+00
-5.01978352659504412081e-01 1.84555435007558443772e+00 1.34587136885238073392e-01 4.99999204913637085301e-01
5.01978352659504412081e-01 1.84555435007558443772e+00 -1.34587136885238073392e-01 4.99999204913637085301e-01
0.00000000000000000000e+00 1.71043453452962213035e+00 0.00000000000000000000e+00 0.00000000000000000000e+00
-1.00000000000000000000e+00 2.71043453452962213035e+00 0.00000000000000000000e+00 0.00000000000000000000e+00
1.00000000000000000000e+00 2.71043453452962213035e+00 0.00000000000000000000e+00 0.00000000000000000000e+00


-1.44597029161053214352e-03 9.85000014327306216977e-01 0.00000000000000000000e+00 0.00000000000000000000e+00
-4.99467618742641117358e-01 1.84988019942590087297e+00 -1.34587245747863903933e-01 -4.99999483754668072599e-01
-1.00144597029161053214e+00 -1.49999856726937830231e-02 1.34587004625091571919e-01 1.49999888335644038229e+00
-2.00144597029161053214e+00 9.85000014327306216977e-01 0.00000000000000000000e+00 0.00000000000000000000e+00
-1.44597029161053214352e-03 9.85000014327306216977e-01 0.00000000000000000000e+00 0.00000000000000000000e+00
1.44597029161053214352e-03 9.85000014327306216977e-01 0.00000000000000000000e+00 0.00000000000000000000e+00
4.99467618742641117358e-01 1.84988019942590087297e+00 1.34587245747863903933e-01 -4.99999483754668072599e-01
1.00144597029161053214e+00 -1.49999856726937830231e-02 -1.34587004625091571919e-01 1.49999888335644038229e+00
1.44597029161053214352e-03 9.85000014327306216977e-01 0.00000000000000000000e+00 0.00000000000000000000e+00
2.00144597029161053214e+00 9.85000014327306216977e-01 0.00000000000000000000e+00 0.00000000000000000000e+00
-5.01978351548969414786e-01 1.84555434942587881508e+00 1.34587245747863903933e-01 4.99999483754668072599e-01
5.01978351548969414786e-01 1.84555434942587881508e+00 -1.34587245747863903933e-01 4.99999483754668072599e-01
0.00000000000000000000e+00 1.71043453452447336005e+00 0.00000000000000000000e+00 0.00000000000000000000e+00
-1.00000000000000000000e+00 2.71043453452447336005e+00 0.00000000000000000000e+00 0.00000000000000000000e+00
1.00000000000000000000e+00 2.71043453452447336005e+00 0.00000000000000000000e+00 0.00000000000000000000e+00


-1.44597017808956174179e-03 9.85000007636050556314e-01 0.00000000000000000000e+00 0.00000000000000000000e+00
-4.99467617954608034125e-01 1.84988019234315692607e+00 -1.34587338068994033513e-01 -4.99999888709266981923e-01
-1.00144597017808956174e+00 -1.49999923639494436856e-02 1.34587176442848788227e-01 1.49999979702326458053e+00
-2.00144597017808933970e+00 9.85000007636050556314e-01 0.00000000000000000000e+00 0.00000000000000000000e+00
-1.44597017808956174179e-03 9.85000007636050556314e-01 0.00000000000000000000e+00 0.00000000000000000000e+00
1.44597017808956174179e-03 9.85000007636050556314e-01 0.00000000000000000000e+00 0.00000000000000000000e+00
4.99467617954608034125e-01 1.84988019234315692607e+00 1.34587338068994033513e-01 -4.99999888709266981923e-01
1.00144597017808956174e+00 -1.49999923639494436856e-02 -1.34587176442848788227e-01 1.49999979702326458053e+00
1.44597017808956174179e-03 9.85000007636050556314e-01 0.00000000000000000000e+00 0.00000000000000000000e+00
2.00144597017808933970e+00 9.85000007636050556314e-01 0.00000000000000000000e+00 0.00000000000000000000e+00
-5.01978352223481527616e-01 1.84555433976698690657e+00 1.34587338068994033513e-01 4.99999888709266981923e-01
5.01978352223481527616e-01 1.84555433976698690657e+00 -1.34587338068994033513e-01 4.99999888709266981923e-01
0.00000000000000000000e+00 1.71043452447409327632e+00 0.00000000000000000000e+00 0.00000000000000000000e+00
-1.00000000000000000000e+00 2.71043452447409327632e+00 0.00000000000000000000e+00 0.00000000000000000000e+00
1.00000000000000000000e+00 2.71043452447409327632e+00 0.00000000000000000000e+00 0.00000000000000000000e+00


-1.44597163536164252662e-03 9.84999999955166627430e-01 0.00000000000000000000e+00 0.00000000000000000000e+00
-4.99467617850291367709e-01 1.84988018375592355724e+00 -1.34587379978892751620e-01 -5.00000203227098816150e-01
-1.00144597163536164253e+00 -1.50000000448333725700e-02 1.34587340031130042739e-01 1.50000048600931035203e+00
-2.00144597163536186457e+00 9.84999999955166627430e-01 0.00000000000000000000e+00 0.00000000000000000000e+00
-1.44597163536164252662e-03 9.84999999955166627430e-01 0.00000000000000000000e+00 0.00000000000000000000e+00
1.44597163536164252662e-03 9.84999999955166627430e-01 0.00000000000000000000e+00 0.00000000000000000000e+00
4.99467617850291367709e-01 1.84988018375592355724e+00 1.34587379978892751620e-01 -5.00000203227098816150e-01
1.00144597163536164253e+00 -1.50000000448333725700e-02 -1.34587340031130042739e-01 1.50000048600931035203e+00
1.44597163536164252662e-03 9.84999999955166627430e-01 0.00000000000000000000e+00 0.00000000000000000000e+00
2.00144597163536186457e+00 9.84999999955166627430e-01 0.00000000000000000000e+00 0.00000000000000000000e+00
-5.01978353785070274817e-01 1.84555432831085219902e+00 1.34587379978892751620e-01 5.00000203227098816150e-01
5.01978353785070274817e-01 1.84555432831085219902e+00 -1.34587379978892751620e-01 5.00000203227098816150e-01
0.00000000000000000000e+00 1.71043451211160890679e+00 0.00000000000000000000e+00 0.00000000000000000000e+00
-1.00000000000000000000e+00 2.71043451211160890679e+00 0.00000000000000000000e+00 0.00000000000000000000e+00
1.00000000000000000000e+00 2.71043451211160890679e+00 0.00000000000000000000e+00 0.00000000000000000000e+00


-1.44597350258512946652e-03 9.84999994913464904656e-01 0.00000000000000000000e+00 0.00000000000000000000e+00
-4.99467618240848287847e-01 1.84988017785716118979e+00 -1.34587370743075890323e-01 -5.00000323378749000902e-01
-1.00144597350258512947e+00 -1.50000050865350953444e-02 1.34587428069602027536e-01 1.50000073172649184272e+00
-2.00144597350258512947e+00 9.84999994913464904656e-01 0.00000000000000000000e+00 0.00000000000000000000e+00
-1.44597350258512946652e-03 9.84999994913464904656e-01 0.00000000000000000000e+00 0.00000000000000000000e+00
1.44597350258512946652e-03 9.84999994913464904656e-01 0.00000000000000000000e+00 0.00000000000000000000e+00
4.99467618240848287847e-01 1.84988017785716118979e+00 1.34587370743075890323e-01 -5.00000323378749000902e-01
1.00144597350258512947e+00 -1.50000050865350953444e-02 -1.34587428069602027536e-01 1.50000073172649184272e+00
1.44597350258512946652e-03 9.84999994913464904656e-01 0.00000000000000000000e+00 0.00000000000000000000e+00
2.00144597350258512947e+00 9.84999994913464904656e-01 0.00000000000000000000e+00 0.00000000000000000000e+00
-5.01978355261736841619e-01 1.84555432057952950586e+00 1.34587370743075890323e-01 5.00000323378749000902e-01
5.01978355261736841619e-01 1.84555432057952950586e+00 -1.34587370743075890323e-01 5.00000323378749000902e-01
0.00000000000000000000e+00 1.71043450352322601304e+00 0.00000000000000000000e+00 0.00000000000000000000e+00
-1.00000000000000000000e+00 2.71043450352322601304e+00 0.00000000000000000000e+00 0.00000000000000000000e+00
1.00000000000000000000e+00 2.71043450352322601304e+00 0.00000000000000000000e+00 0.00000000000000000000e+00


-1.44597483935471338157e-03 9.84999993771079607185e-01 0.00000000000000000000e+00 0.00000000000000000000e+00
-4.99467618789879330699e-01 1.84988017625757050766e+00 -1.34587331771070850550e-01 -5.00000263974734293626e-01
-1.00144597483935471338e+00 -1.50000062289203928145e-02 1.34587428596089436761e-01 1.50000058008341929927e+00
-2.00144597483935449134e+00 9.84999993771079607185e-01 0.00000000000000000000e+00 0.00000000000000000000e+00
-1.44597483935471338157e-03 9.84999993771079607185e-01 0.00000000000000000000e+00 0.00000000000000000000e+00
1.44597483935471338157e-03 9.84999993771079607185e-01 0.00000000000000000000e+00 0.00000000000000000000e+00
4.99467618789879330699e-01 1.84988017625757050766e+00 1.34587331771070850550e-01 -5.00000263974734293626e-01
1.00144597483935471338e+00 -1.50000062289203928145e-02 -1.34587428596089436761e-01 1.50000058008341929927e+00
1.44597483935471338157e-03 9.84999993771079607185e-01 0.00000000000000000000e+00 0.00000000000000000000e+00
2.00144597483935449134e+00 9.84999993771079607185e-01 0.00000000000000000000e+00 0.00000000000000000000e+00
-5.01978356049475382683e-01 1.84555431861542817984e+00 1.34587331771070850550e-01 5.00000263974734293626e-01
5.01978356049475382683e-01 1.84555431861542817984e+00 -1.34587331771070850550e-01 5.00000263974734293626e-01
0.00000000000000000000e+00 1.71043450110191930236e+00 0.00000000000000000000e+00 0.00000000000000000000e+00
-1.00000000000000000000e+00 2.71043450110191930236e+00 0.00000000000000000000e+00 0.00000000000000000000e+00
1.00000000000000000000e+00 2.71043450110191930236e+00 0.00000000000000000000e+00 0.00000000000000000000e+00


-1.44597525362666345927e-03 9.84999995687479423800e-01 0.00000000000000000000e+00 0.00000000000000000000e+00
-4.99467619207984103724e-01 1.84988017817619487815e+00 -1.34587289899401885140e-01 -5.00000111715666717416e-01
-1.00144597525362666346e+00 -1.50000043125205761996e-02 1.34587371239997588557e-01 1.50000023159606543643e+00
-2.00144597525362666346e+00 9.84999995687479423800e-01 0.00000000000000000000e+00 0.00000000000000000000e+00
-1.44597525362666345927e-03 9.84999995687479423800e-01 0.00000000000000000000e+00 0.00000000000000000000e+00
1.44597525362666345927e-03 9.84999995687479423800e-01 0.00000000000000000000e+00 0.00000000000000000000e+00
4.99467619207984103724e-01 1.84988017817619487815e+00 1.34587289899401885140e-01 -5.00000111715666717416e-01
1.00144597525362666346e+00 -1.50000043125205761996e-02 -1.34587371239997588557e-01 1.50000023159606543643e+00
1.44597525362666345927e-03 9.84999995687479423800e-01 0.00000000000000000000e+00 0.00000000000000000000e+00
2.00144597525362666346e+00 9.84999995687479423800e-01 0.00000000000000000000e+00 0.00000000000000000000e+00
-5.01978356045642559735e-01 1.84555432129303476074e+00 1.34587289899401885140e-01 5.00000111715666717416e-01
5.01978356045642559735e-01 1.84555432129303476074e+00 -1.34587289899401885140e-01 5.00000111715666717416e-01
0.00000000000000000000e+00 1.71043450378175032611e+00 0.00000000000000000000e+00 0.00000000000000000000e+00
-1.00000000000000000000e+00 2.71043450378175032611e+00 0.00000000000000000000e+00 0.00000000000000000000e+00
1.00000000000000000000e+00 2.71043450378175032611e+00 0.00000000000000000000e+00 0.00000000000000000000e+00


-1.44597488257725004246e-03 9.84999998798154585700e-01 0.00000000000000000000e+00 0.00000000000000000000e+00
-4.99467619360683845464e-01 1.84988018159085543246e+00 -1.34587264051884980542e-01 -4.99999963518724332978e-01
-1.00144597488257725004e+00 -1.50000012018454143004e-02 1.34587300329317705039e-01 1.49999990273351735404e+00
-2.00144597488257725004e+00 9.84999998798154585700e-01 0.00000000000000000000e+00 0.00000000000000000000e+00
-1.44597488257725004246e-03 9.84999998798154585700e-01 0.00000000000000000000e+00 0.00000000000000000000e+00
1.44597488257725004246e-03 9.84999998798154585700e-01 0.00000000000000000000e+00 0.00000000000000000000e+00
4.99467619360683845464e-01 1.84988018159085543246e+00 1.34587264051884980542e-01 -4.99999963518724332978e-01
1.00144597488257725004e+00 -1.50000012018454143004e-02 -1.34587300329317705039e-01 1.49999990273351735404e+00
1.44597488257725004246e-03 9.84999998798154585700e-01 0.00000000000000000000e+00 0.00000000000000000000e+00
2.00144597488257725004e+00 9.84999998798154585700e-01 0.00000000000000000000e+00 0.00000000000000000000e+00
-5.01978355521893404578e-01 1.84555432588174195274e+00 1.34587264051884980542e-01 4.99999963518724332978e-01
5.01978355521893404578e-01 1.84555432588174195274e+00 -1.34587264051884980542e-01 4.99999963518724332978e-01
0.00000000000000000000e+00 1.71043450867444279950e+00 0.00000000000000000000e+00 0.00000000000000000000e+00
-1.00000000000000000000e+00 2.71043450867444279950e+00 0.00000000000000000000e+00 0.00000000000000000000e+00
1.00000000000000000000e+00 2.71043450867444279950e+00 0.00000000000000000000e+00 0.00000000000000000000e+00


-1.44597415316227717597e-03 9.85000001362814403549e-01 0.00000000000000000000e+00 0.00000000000000000000e+00
-4.99467619273124552315e-01 1.84988018452804947600e+00 -1.34587259834438144335e-01 -4.99999881502508791709e-01
-1.00144597415316227718e+00 -1.49999986371855964506e-02 1.34587250877386210846e-01 1.49999972772088630002e+00
-2.00144597415316205513e+00 9.85000001362814403549e-01 0.00000000000000000000e+00 0.00000000000000000000e+00
-1.44597415316227717597e-03 9.85000001362814403549e-01 0.00000000000000000000e+00 0.00000000000000000000e+00
1.44597415316227717597e-03 9.85000001362814403549e-01 0.00000000000000000000e+00 0.00000000000000000000e+00
4.99467619273124552315e-01 1.84988018452804947600e+00 1.34587259834438144335e-01 -4.99999881502508791709e-01
1.00144597415316227718e+00 -1.49999986371855964506e-02 -1.34587250877386210846e-01 1.49999972772088630002e+00
1.44597415316227717597e-03 9.85000001362814403549e-01 0.00000000000000000000e+00 0.00000000000000000000e+00
2.00144597415316205513e+00 9.85000001362814403549e-01 0.00000000000000000000e+00 0.00000000000000000000e+00
-5.01978354880037724861e-01 1.84555432976340449969e+00 1.34587259834438144335e-01 4.99999881502508791709e-01
5.01978354880037724861e-01 1.84555432976340449969e+00 -1.34587259834438144335e-01 4.99999881502508791709e-01
0.00000000000000000000e+00 1.71043451292863979418e+00 0.00000000000000000000e+00 0.00000000000000000000e+00
-1.00000000000000000000e+00 2.71043451292863979418e+00 0.00000000000000000000e+00 0.00000000000000000000e+00
1.00000000000000000000e+00 2.71043451292863979418e+00 0.00000000000000000000e+00 0.00000000000000000000e+00


-1.44597350024500137522e-03 9.85000002468727542393e-01 0.00000000000000000000e+00 0.00000000000000000000e+00
-4.99467619064811851892e-01 1.84988018589201219655e+00 -1.34587271675817216066e-01 -4.99999878238415629284e-01
-1.00144597350024500138e+00 -1.49999975312724576071e-02 1.34587236756298689322e-01 1.49999972907612710848e+00
-2.00144597350024522342e+00 9.85000002468727542393e-01 0.00000000000000000000e+00 0.00000000000000000000e+00
-1.44597350024500137522e-03 9.85000002468727542393e-01 0.00000000000000000000e+00 0.00000000000000000000e+00
1.44597350024500137522e-03 9.85000002468727542393e-01 0.00000000000000000000e+00 0.00000000000000000000e+00
4.99467619064811851892e-01 1.84988018589201219655e+00 1.34587271675817216066e-01 -4.99999878238415629284e-01
1.00144597350024500138e+00 -1.49999975312724576071e-02 -1.34587236756298689322e-01 1.49999972907612710848e+00
1.44597350024500137522e-03 9.85000002468727542393e-01 0.00000000000000000000e+00 0.00000000000000000000e+00
2.00144597350024522342e+00 9.85000002468727542393e-01 0.00000000000000000000e+00 0.00000000000000000000e+00
-5.01978354435433149483e-01 1.84555433151585890350e+00 1.34587271675817216066e-01 4.99999878238415629284e-01
5.01978354435433149483e-01 1.84555433151585890350e+00 -1.34587271675817216066e-01 4.99999878238415629284e-01
0.00000000000000000000e+00 1.71043451493914355765e+00 0.00000000000000000000e+00 0.00000000000000000000e+00
-1.00000000000000000000e+00 2.71043451493914355765e+00 0.00000000000000000000e+00 0.00000000000000000000e+00
1.00000000000000000000e+00 2.71043451493914355765e+00 0.00000000000000000000e+00 0.00000000000000000000e+00


-1.44597317753736298584e-03 9.85000002139560626446e-01 0.00000000000000000000e+00 0.00000000000000000000e+00
-4.99467618866208828976e-01 1.84988018563487610635e+00 -1.34587289025522693908e-01 -4.99999928263905046855e-01
-1.00144597317753736299e+00 -1.49999978604393735537e-02 1.34587251965265330966e-01 1.49999984606216618666e+00
-2.00144597317753714094e+00 9.85000002139560626446e-01 0.00000000000000000000e+00 0.00000000000000000000e+00
-1.44597317753736298584e-03 9.85000002139560626446e-01 0.00000000000000000000e+00 0.00000000000000000000e+00
1.44597317753736298584e-03 9.85000002139560626446e-01 0.00000000000000000000e+00 0.00000000000000000000e+00
4.99467618866208828976e-01 1.84988018563487610635e+00 1.34587289025522693908e-01 -4.99999928263905046855e-01
1.00144597317753736299e+00 -1.49999978604393735537e-02 -1.34587251965265330966e-01 1.49999984606216618666e+00
1.44597317753736298584e-03 9.85000002139560626446e-01 0.00000000000000000000e+00 0.00000000000000000000e+00
2.00144597317753714094e+00 9.85000002139560626446e-01 0.00000000000000000000e+00 0.00000000000000000000e+00
-5.01978354311328534010e-01 1.84555433111440292393e+00 1.34587289025522693908e-01 4.99999928263905046855e-01
5.01978354311328534010e-01 1.84555433111440292393e+00 -1.34587289025522693908e-01 4.99999928263905046855e-01
0.00000000000000000000e+00 1.71043451460971818179e+00 0.00000000000000000000e+00 0.00000000000000000000e+00
-1.00000000000000000000e+00 2.71043451460971818179e+00 0.00000000000000000000e+00 0.00000000000000000000e+00
1.00000000000000000000e+00 2.71043451460971818179e+00 0.00000000000000000000e+00 0.00000000000000000000e+00


-1.44597321068462569826e-03 9.85000001005847836133e-01 0.00000000000000000000e+00 0.00000000000000000000e+00
-4.99467618759102061077e-01 1.84988018441975921036e+00 -1.34587302571402334106e-01 -4.99999991966120771458e-01
-1.00144597321068462570e+00 -1.49999989941521638670e-02 1.34587279981927820938e-01 1.49999998910983500799e+00
-2.00144597321068484774e+00 9.85000001005847836133e-01 0.00000000000000000000e+00 0.00000000000000000000e+00
-1.44597321068462569826e-03 9.85000001005847836133e-01 0.00000000000000000000e+00 0.00000000000000000000e+00
1.44597321068462569826e-03 9.85000001005847836133e-01 0.00000000000000000000e+00 0.00000000000000000000e+00
4.99467618759102061077e-01 1.84988018441975921036e+00 1.34587302571402334106e-01 -4.99999991966120771458e-01
1.00144597321068462570e+00 -1.49999989941521638670e-02 -1.34587279981927820938e-01 1.49999998910983500799e+00
1.44597321068462569826e-03 9.85000001005847836133e-01 0.00000000000000000000e+00 0.00000000000000000000e+00
2.00144597321068484774e+00 9.85000001005847836133e-01 0.00000000000000000000e+00 0.00000000000000000000e+00
-5.01978354451582564622e-01 1.84555432946573017006e+00 1.34587302571402334106e-01 4.99999991966120771458e-01
5.01978354451582564622e-01 1.84555432946573017006e+00 -1.34587302571402334106e-01 4.99999991966120771458e-01
0.00000000000000000000e+00 1.71043451287964165530e+00 0.00000000000000000000e+00 0.00000000000000000000e+00
-1.00000000000000000000e+00 2.71043451287964165530e+00 0.00000000000000000000e+00 0.00000000000000000000e+00
1.00000000000000000000e+00 2.71043451287964165530e+00 0.00000000000000000000e+00 0.00000000000000000000e+00


